raceId,year,round,driverId,qualifying_position,predicted_qualifying_position,finish_position,benchmark_predicted_finish,oracle_predicted_finish,two_stage_predicted_finish
1098,2023,1,1,7.0,4,5.0,5.575616522337747,5.580973640174831,5.080818365548662
1098,2023,1,4,5.0,7,3.0,6.375602731986635,6.432079629326182,7.516576178623028
1098,2023,1,807,10.0,14,15.0,10.533214546629939,10.405529222292191,12.25720660891468
1098,2023,1,815,2.0,2,2.0,2.912338524626197,3.0349578218242925,3.4020506188982473
1098,2023,1,822,12.0,11,8.0,11.408217308275944,11.397355865518119,11.302181633108164
1098,2023,1,825,17.0,17,13.0,13.842167776888264,13.943250562247066,14.402936742229171
1098,2023,1,830,1.0,1,1.0,2.253555516283317,2.3373064358497686,2.8586045158220124
1098,2023,1,832,4.0,3,4.0,3.868874613775464,3.9777711455111895,4.324414791031257
1098,2023,1,840,8.0,9,6.0,8.271450294233325,8.36715349911375,9.031310612363438
1098,2023,1,842,20.0,8,9.0,12.808421577405673,12.83536951559474,8.699333408104323
1098,2023,1,846,11.0,6,17.0,9.132536033999848,8.927474607549943,7.438883026141726
1098,2023,1,847,6.0,5,7.0,5.409621324333286,5.389452088900809,5.51568605199158
1098,2023,1,848,15.0,15,10.0,12.787790566773975,12.69499339614613,13.170120790382908
1098,2023,1,852,14.0,16,11.0,12.388061817661772,12.208721836905369,13.64117330817064
1098,2023,1,855,13.0,13,16.0,11.717089756144818,11.69681294938663,12.179531659181809
1098,2023,1,856,19.0,10,14.0,13.416160622893745,13.404384371812121,10.539601785042503
1098,2023,1,858,16.0,12,12.0,12.361427195252674,12.3049220153167,11.32700775648943
1099,2023,2,1,8.0,5,5.0,6.06587395388958,6.111626909336277,5.649210312132998
1099,2023,2,4,3.0,7,3.0,5.137756040810497,5.251537139611738,6.952207711133503
1099,2023,2,807,11.0,16,12.0,11.362282668470199,11.432622751973014,13.783293685369411
1099,2023,2,815,1.0,2,1.0,2.7437594403278815,2.4191247413505828,3.482281041139748
1099,2023,2,822,14.0,12,18.0,11.744938620915178,11.80001508939176,11.720567662870717
1099,2023,2,825,13.0,18,10.0,12.640223704885925,12.761165603935599,15.26769929930135
1099,2023,2,830,15.0,1,2.0,7.25324534735079,7.413079887058624,2.964647733243577
1099,2023,2,832,5.0,4,6.0,4.254687952747824,4.512225570669476,4.972643740992429
1099,2023,2,839,7.0,8,8.0,7.921738548204253,7.929087700418428,8.853208929424417
1099,2023,2,842,10.0,11,9.0,9.949474999038186,9.99362187112764,11.02923534107938
1099,2023,2,844,2.0,3,7.0,3.369741744999212,3.3995030434664564,4.4347582271988575
1099,2023,2,846,19.0,10,17.0,12.880548433667192,13.075678089913879,10.205802569851803
1099,2023,2,847,4.0,6,4.0,4.983388659020535,4.911421120173308,6.483298729597163
1099,2023,2,852,16.0,15,11.0,13.052332117712288,12.999623715094845,13.083897646149232
1099,2023,2,855,12.0,13,13.0,11.727300387137788,11.655850896676096,12.423573038189042
1099,2023,2,856,18.0,14,14.0,13.895492588837413,13.89178634694239,13.087412129783734
1099,2023,2,857,9.0,9,15.0,8.377630667682208,8.23608473842592,8.481057650034886
1099,2023,2,858,20.0,17,16.0,15.247030835884294,15.197922676320367,14.82271224407938
1100,2023,3,1,3.0,4,2.0,4.123252956215755,4.248078192638692,5.230213570362739
1100,2023,3,4,4.0,5,3.0,5.325208678263533,5.458438771975185,5.96007540363561
1100,2023,3,807,10.0,12,7.0,10.9503591881478,10.9138533305214,11.807158609877595
1100,2023,3,815,20.0,2,5.0,9.262068416510331,9.427649126244278,3.2756436672469427
1100,2023,3,822,19.0,10,11.0,14.091202970099879,14.067366171507803,10.946727401449879
1100,2023,3,825,14.0,16,17.0,12.59230547371409,12.726414786296363,13.864710208946999
1100,2023,3,830,1.0,1,1.0,2.844596385213838,2.204751733940178,2.7966183063529737
1100,2023,3,832,5.0,3,12.0,4.612243948059523,4.675776480311968,4.461829795410477
1100,2023,3,839,11.0,7,14.0,9.345320158572793,9.42235654165568,8.32422212889652
1100,2023,3,840,6.0,6,4.0,6.992958169030655,7.13798343866054,7.264001230472791
1100,2023,3,842,9.0,8,13.0,9.741047086905585,9.683758226074154,9.626803752184607
1100,2023,3,846,13.0,9,6.0,11.099217408618614,11.043695251681598,9.643091628575826
1100,2023,3,852,12.0,11,10.0,11.473087778958728,11.482143856195494,11.070441700505771
1100,2023,3,855,17.0,13,9.0,13.944858145829116,13.61819184177669,12.426580566853309
1100,2023,3,856,15.0,15,15.0,12.964737405282062,13.054784739365946,13.729565989145785
1100,2023,3,857,16.0,14,8.0,12.985000934650097,13.0636766067684,12.68504104433243
1100,2023,3,858,18.0,17,16.0,14.79324170065329,14.997415114314228,15.172551000690886
1101,2023,4,1,5.0,3,6.0,5.061911037233034,4.884799467478102,4.517139749408592
1101,2023,4,4,6.0,7,4.0,6.230621892100742,6.184306235810709,7.314402274255978
1101,2023,4,807,17.0,14,17.0,13.127162851027629,13.043726014191998,12.268811664457937
1101,2023,4,815,3.0,2,1.0,3.246139975357325,3.286577484825931,3.519844792221993
1101,2023,4,822,14.0,13,18.0,12.25950907133419,12.249412494628581,12.335413774735704
1101,2023,4,825,18.0,16,13.0,14.30339123958097,14.070686131132469,13.675231896039437
1101,2023,4,830,2.0,1,2.0,2.5600037591415408,2.5713759089556465,2.8070833755093485
1101,2023,4,832,4.0,5,5.0,4.666814219125301,4.85829719202671,5.821459961763659
1101,2023,4,839,12.0,9,15.0,10.036571329667282,9.823668422715551,9.24516614592422
1101,2023,4,840,9.0,8,7.0,7.810981989143396,7.799636251131444,8.103016669163468
1101,2023,4,842,19.0,11,14.0,13.579481152052443,13.487756058525715,11.186174240350043
1101,2023,4,844,1.0,4,3.0,3.5765365770759674,3.6986526391472827,5.374944243232491
1101,2023,4,846,7.0,10,9.0,8.52238835033957,8.510216120572721,9.902247845934006
1101,2023,4,847,11.0,6,8.0,7.537000658229994,7.638582108890722,6.544481275883347
1101,2023,4,848,13.0,17,12.0,12.542762329940153,12.595440621552193,14.377373460592437
1101,2023,4,852,8.0,15,10.0,10.465483501745506,10.195801550699095,13.238553100528396
1101,2023,4,857,10.0,12,11.0,10.071112213853239,10.121588981653858,11.28518488206659
1101,2023,4,858,15.0,18,16.0,14.326552089838742,14.372623470773352,15.990835335863576
1102,2023,5,1,13.0,4,6.0,7.813993865068009,7.896001793412516,5.0298672241482585
1102,2023,5,4,2.0,5,3.0,4.476937312014453,4.192404831259038,5.900499620185428
1102,2023,5,807,12.0,14,15.0,11.091898341348069,11.405019407864788,12.62446665878739
1102,2023,5,815,1.0,2,2.0,2.3231376766822516,2.1447725044812778,3.2227434594591307
1102,2023,5,822,10.0,15,13.0,11.156629038075945,11.156780259439756,13.504162484890468
1102,2023,5,825,4.0,18,10.0,8.982581415225747,8.923241032566363,14.51834019140119
1102,2023,5,830,9.0,1,1.0,4.976271948404601,5.011431311909345,2.7972196226300285
1102,2023,5,832,3.0,6,5.0,4.445097033072943,4.481176461261031,6.427356678175428
1102,2023,5,839,8.0,9,9.0,8.407030308281051,8.554736150036184,9.293061130012237
1102,2023,5,840,18.0,8,12.0,10.571079993574955,10.800368803094534,8.006843437645545
1102,2023,5,842,5.0,12,8.0,8.74223365606088,8.770731998170941,11.995132530777981
1102,2023,5,844,7.0,3,7.0,5.821451025935962,5.910813466107056,5.042333085155623
1102,2023,5,846,16.0,10,17.0,11.793924249033797,11.626496354902983,9.794355467284024
1102,2023,5,847,6.0,7,4.0,6.2481392159168365,6.049440311174182,7.315512591134846
1102,2023,5,848,11.0,19,14.0,12.15228218510538,12.051034463326127,15.695646884222
1102,2023,5,852,17.0,13,11.0,13.287290039505828,13.335688206840652,12.293763387915309
1102,2023,5,855,14.0,17,16.0,12.623502778287394,12.776530833919214,14.542514402443697
1102,2023,5,856,15.0,16,18.0,12.75229025378023,12.678011706505716,13.770902366826101
1102,2023,5,857,19.0,11,19.0,13.393046173531063,13.330595178147377,10.78446070882617
1102,2023,5,858,20.0,20,20.0,16.115657433877885,16.271251728080422,17.014409372426346
1104,2023,6,1,6.0,3,4.0,5.375535447196971,5.409737157072397,4.832057299597353
1104,2023,6,4,2.0,4,2.0,4.156139574991979,4.0199674778747925,5.243524054954651
1104,2023,6,807,18.0,11,17.0,13.487422733191266,13.465528657108695,10.986400559579694
1104,2023,6,815,20.0,2,16.0,9.126855321822942,9.266031897870457,3.144683913577299
1104,2023,6,822,15.0,14,11.0,13.287582300318721,13.182773939168142,13.15793818137835
1104,2023,6,830,1.0,1,1.0,2.4131274331026313,1.9221985242195405,2.4414043203121523
1104,2023,6,832,5.0,7,8.0,5.2416954781696425,5.518964606140359,7.001586516892163
1104,2023,6,839,4.0,8,3.0,6.8633810905826085,7.021792411774695,8.657516261605842
1104,2023,6,842,7.0,10,7.0,9.329825555351285,9.564897123985178,11.054873322344106
1104,2023,6,844,3.0,6,6.0,4.445080060282048,4.570704012498392,6.442810087484916
1104,2023,6,846,10.0,9,9.0,10.231500097123169,10.278127138564125,9.811440687461952
1104,2023,6,847,8.0,5,5.0,6.024254633634859,6.088603985643412,5.590955771710927
1104,2023,6,848,13.0,17,14.0,12.798093108728263,12.81086496311795,14.796926604749236
1104,2023,6,852,9.0,12,15.0,10.451486744180668,10.549103442923304,11.803604624709894
1104,2023,6,855,19.0,16,13.0,14.619192095878933,14.670233457392548,13.817948433446922
1104,2023,6,856,12.0,15,12.0,11.467871551810266,11.575873475328786,13.173820480926466
1104,2023,6,857,11.0,13,10.0,11.350624785139289,11.394246644092332,12.382424191669474
1104,2023,6,858,16.0,18,18.0,14.724719269895132,14.801425136488406,16.01963640914058
1105,2023,7,1,5.0,4,2.0,5.119095071531782,4.999377173588634,5.336674183328997
1105,2023,7,4,9.0,3,7.0,6.306842961140928,6.306931175447792,4.441908322476819
1105,2023,7,807,8.0,16,15.0,10.47321463773308,10.325990474569322,13.752752281072041
1105,2023,7,815,11.0,2,4.0,6.54222880926177,6.587184720345951,3.5662082565889506
1105,2023,7,822,16.0,13,19.0,13.285720180049978,13.382258050491584,12.520680215749097
1105,2023,7,825,17.0,15,18.0,13.662490203929087,13.894214186272961,13.434724504485098
1105,2023,7,830,1.0,1,1.0,2.4227204913720195,2.2307804884988194,2.6182385014792287
1105,2023,7,832,2.0,7,5.0,4.959937977638766,4.6804595513544065,7.09981338073952
1105,2023,7,839,7.0,9,8.0,7.77001630306348,8.026802991338416,9.0818273877772
1105,2023,7,840,6.0,8,6.0,6.456843237199308,6.3517264547218915,7.9099961601849875
1105,2023,7,842,4.0,10,10.0,7.834055133417024,7.9401336195722765,10.540910356773884
1105,2023,7,844,19.0,6,11.0,10.347623129316178,10.656639676874985,6.430257506446164
1105,2023,7,846,3.0,11,17.0,7.560670587008197,7.615979577371842,10.821430682939258
1105,2023,7,847,12.0,5,3.0,7.387387161720199,7.478798698445356,5.484217828616571
1105,2023,7,848,18.0,19,16.0,14.889813916794328,14.855252844371195,15.603390834208863
1105,2023,7,852,15.0,14,12.0,12.694714537560138,12.74770075140812,12.90659605812391
1105,2023,7,855,13.0,18,9.0,12.545449109653537,12.496932923360655,15.128219028963684
1105,2023,7,856,14.0,17,14.0,12.41715835953827,12.377768557453674,14.176943125076093
1105,2023,7,857,10.0,12,13.0,10.429358229868903,10.616653639605447,11.73022224953814
1105,2023,7,858,20.0,20,20.0,16.372317386438883,16.34551373030545,16.86781990026899
1106,2023,8,1,4.0,3,3.0,4.554261007099214,4.421183066983348,4.684376410244722
1106,2023,8,4,3.0,4,2.0,4.37932078761094,4.128900802658768,4.986347853703254
1106,2023,8,807,2.0,16,15.0,8.82048553302719,8.666398203921702,14.287755515135947
1106,2023,8,815,12.0,2,6.0,6.874069648016658,6.909131483194413,3.4157206235798867
1106,2023,8,822,15.0,12,10.0,13.189505657696621,13.022085932150004,12.119300379283185
1106,2023,8,825,14.0,17,17.0,12.71011068061811,13.107580920446386,14.355665109153083
1106,2023,8,830,1.0,1,1.0,2.3516215439453676,2.119582231042041,2.492927943989754
1106,2023,8,832,8.0,6,5.0,7.2869858985277505,6.893325326919782,6.66569975011943
1106,2023,8,839,6.0,8,8.0,7.87743795943713,7.500618411899079,8.527460150049421
1106,2023,8,840,13.0,7,9.0,8.933725524620995,9.07060198657875,7.619045959346234
1106,2023,8,842,17.0,9,12.0,12.320514159428363,12.536961817096913,9.847263634552897
1106,2023,8,844,11.0,5,4.0,7.880171546863114,7.962554420384983,6.19468615474533
1106,2023,8,846,7.0,10,13.0,9.514643287405471,9.400245805093967,10.546863464200975
1106,2023,8,848,10.0,18,7.0,12.073618080974523,11.96775918761367,15.16110079485301
1106,2023,8,852,16.0,13,14.0,13.238060241483417,13.173002866212908,12.551197437278812
1106,2023,8,855,20.0,14,16.0,14.826159495152487,14.86979955726653,13.098459067374748
1106,2023,8,856,18.0,15,18.0,13.920765600670574,13.92582650274321,13.304513244330618
1106,2023,8,857,9.0,11,11.0,10.809980636392385,10.339915049350685,11.403447512247743
1107,2023,9,1,5.0,4,8.0,5.103380640421687,5.014399380375116,5.223909952625174
1107,2023,9,4,7.0,3,5.0,4.9565000949161195,5.068174759914571,3.8522143826317894
1107,2023,9,815,15.0,2,3.0,8.22653724438097,8.391028208986548,3.879347729377905
1107,2023,9,822,14.0,13,15.0,13.04016055942463,12.965863430509195,12.766301553185198
1107,2023,9,825,19.0,18,18.0,15.070005141765519,15.35336351346647,15.276925216159473
1107,2023,9,830,1.0,1,1.0,2.482400465721928,2.1959132747442336,2.485124998262915
1107,2023,9,832,3.0,7,6.0,4.719660442481321,4.986269069073446,7.1492309458404515
1107,2023,9,839,12.0,9,14.0,9.686145678091098,9.777958545530122,9.093146458973449
1107,2023,9,840,6.0,8,9.0,6.30573268005981,6.3367569019189665,7.698734412921171
1107,2023,9,842,9.0,10,10.0,9.62556821478658,9.613572103177262,10.355842793712265
1107,2023,9,844,2.0,6,2.0,4.0631367548528825,4.2911804098640145,6.37762973567443
1107,2023,9,846,4.0,11,4.0,8.669824201187966,8.712032913842203,11.440740092911767
1107,2023,9,847,11.0,5,7.0,6.933433749218423,6.9791162879354545,5.307909453132266
1107,2023,9,848,10.0,14,11.0,11.63143180202589,11.522543240946696,13.131382095785591
1107,2023,9,852,16.0,15,19.0,13.784874972931824,13.534213365074667,13.529524224997155
1107,2023,9,855,17.0,16,12.0,13.665674920487945,13.720662301475622,13.6337840299666
1107,2023,9,856,20.0,17,17.0,14.857456162890562,14.898275329205022,14.372027625578646
1107,2023,9,857,13.0,12,16.0,11.66060703700904,11.90979956770289,11.833603247452993
1107,2023,9,858,18.0,19,13.0,14.85490659531043,15.009709296778912,15.86038083143259
1108,2023,10,1,7.0,4,3.0,5.92004119074019,5.9821798638739505,5.496339535524571
1108,2023,10,4,9.0,3,7.0,5.916859490727984,5.804011840300134,3.923478655615045
1108,2023,10,807,11.0,16,13.0,12.407361884178485,12.266206966526102,14.285680768635629
1108,2023,10,815,16.0,2,6.0,8.461019905871963,8.526076125749109,3.507067173736943
1108,2023,10,822,15.0,13,12.0,13.475944600448434,13.375290715733893,12.93674579890905
1108,2023,10,830,1.0,1,1.0,2.2795220150729527,1.9269378487076905,2.1652966280786172
1108,2023,10,832,5.0,7,10.0,5.635347920128386,5.819330633057194,7.2638760975441095
1108,2023,10,840,12.0,8,14.0,8.573976196495641,8.55053944317439,7.725153207895044
1108,2023,10,842,10.0,9,18.0,9.908736687867068,9.828886619117645,9.896345327053359
1108,2023,10,844,4.0,6,9.0,4.740274677774869,4.858719831427545,6.24440029458167
1108,2023,10,846,2.0,10,2.0,7.321402484915862,7.641461934227,10.645556739976882
1108,2023,10,847,6.0,5,5.0,5.401567920176172,5.430123337715623,5.546698926375559
1108,2023,10,848,8.0,12,8.0,10.438441224322178,10.489979789275399,12.06893515789147
1108,2023,10,852,17.0,15,16.0,14.140551166626615,14.080492821715826,13.50393015541064
1108,2023,10,855,18.0,14,15.0,13.813996911379956,13.863245358939686,12.799513797000795
1108,2023,10,856,19.0,18,17.0,15.103468264466997,15.096649191183092,15.220178142820624
1108,2023,10,857,3.0,11,4.0,7.802363415668472,8.079801295973102,11.186249790704526
1108,2023,10,858,14.0,17,11.0,13.21503416600494,13.389981020555377,14.853197636336686
1109,2023,11,1,1.0,3,4.0,3.4809457412168507,3.188556626551481,4.509255698351777
1109,2023,11,4,8.0,4,9.0,5.869665326172654,5.755794372557575,4.6432119160345895
1109,2023,11,807,10.0,17,14.0,12.260702962478543,12.201898795609292,14.943568081481493
1109,2023,11,815,9.0,2,3.0,6.128564863879939,6.162799234634765,3.7587999939757086
1109,2023,11,817,13.0,14,13.0,12.8890405870753,12.929132113751464,13.310347600114214
1109,2023,11,822,7.0,12,12.0,10.008145124926994,10.305789051432633,12.255394261964092
1109,2023,11,825,19.0,16,17.0,14.944718241501754,15.169975987827943,13.927201762777482
1109,2023,11,830,2.0,1,1.0,2.4233787664978435,2.311521092282149,2.1263223583945816
1109,2023,11,832,11.0,7,8.0,8.200362679232814,8.321719021136866,7.510785136594291
1109,2023,11,840,14.0,8,10.0,9.57913986323517,9.587204669204112,7.931261104366392
1109,2023,11,844,6.0,6,7.0,5.955020792550769,5.944759200886706,6.4644683438720865
1109,2023,11,846,3.0,9,2.0,6.97240772870733,7.253339741928614,9.747218303706894
1109,2023,11,847,18.0,5,6.0,9.551185517124914,9.808440506404935,5.608145920114276
1109,2023,11,848,16.0,11,11.0,12.887797883119253,12.783817258403214,11.04962848163739
1109,2023,11,852,17.0,15,15.0,14.061684166084031,14.193856931672974,13.513432253835145
1109,2023,11,855,5.0,13,16.0,9.071635424290154,9.291945472622855,12.414480650591138
1109,2023,11,857,4.0,10,5.0,7.467546840599256,7.708535404550864,10.410122867099009
1110,2023,12,1,4.0,3,4.0,4.341230494360355,4.23481652918597,4.447619012444874
1110,2023,12,4,9.0,5,5.0,6.728397082795672,6.579896665758053,5.393944579831748
1110,2023,12,807,20.0,18,18.0,15.714754439102437,15.882717795509555,15.626683811542634
1110,2023,12,815,3.0,2,2.0,4.145118880671022,4.131208758560205,4.128903601527339
1110,2023,12,817,19.0,15,16.0,14.745415479649788,14.981655308054275,13.678684195845236
1110,2023,12,822,14.0,12,12.0,13.1534113452755,13.133560723425763,12.561411888651845
1110,2023,12,825,13.0,16,15.0,13.354540139918534,13.07716326577977,14.025470092457514
1110,2023,12,830,1.0,1,1.0,1.5525914041553266,1.5545295685006213,1.865471194979781
1110,2023,12,839,15.0,9,8.0,11.885923679629723,12.006225915359321,9.9654110964075
1110,2023,12,840,10.0,7,9.0,8.977432940131163,8.715883886654467,7.872010931035543
1110,2023,12,842,12.0,10,11.0,11.287805368601934,11.251017001137768,10.606780476057999
1110,2023,12,844,2.0,6,3.0,4.541257102476624,4.589317778090768,6.558485695163091
1110,2023,12,846,7.0,8,7.0,7.852499789763009,7.895044628376694,8.474268181744424
1110,2023,12,847,8.0,4,6.0,6.114544360446326,6.061517672328269,5.221200551123612
1110,2023,12,848,16.0,11,14.0,12.882014008234894,12.794978380327478,11.315774027046391
1110,2023,12,852,11.0,17,10.0,12.231494671492651,12.156773396305987,14.562781060466067
1110,2023,12,855,17.0,13,13.0,13.686159036846185,13.711278464900284,12.311189075669535
1110,2023,12,858,18.0,14,17.0,14.59171005456344,14.489657831446442,13.429248128922522
1111,2023,13,1,13.0,3,6.0,7.317820424830547,7.465435710433059,4.339408346723734
1111,2023,13,4,5.0,5,2.0,5.21247245758105,5.134080842911578,5.478363903395406
1111,2023,13,807,15.0,16,12.0,14.30252487302553,14.109891458616286,14.754543660679365
1111,2023,13,815,7.0,2,4.0,5.566173051489978,5.500654092466343,4.166359993541229
1111,2023,13,822,19.0,13,14.0,14.812920619636872,14.833880396175287,13.149723557253028
1111,2023,13,825,18.0,17,16.0,15.113435909940595,15.169104932733388,14.773186370468363
1111,2023,13,830,1.0,1,1.0,1.537771845508174,1.4330780580656999,1.8276077079200723
1111,2023,13,832,6.0,6,5.0,6.284094825021775,6.211660273623851,6.886011712258014
1111,2023,13,839,17.0,10,10.0,12.488525838732556,12.611424198889797,10.217942973671564
1111,2023,13,840,11.0,8,11.0,8.929071532919002,9.010785654458761,8.408794538471861
1111,2023,13,842,12.0,11,3.0,11.370815094861179,11.237198062901076,11.151458836613152
1111,2023,13,846,2.0,7,7.0,5.546904109859029,5.625846236967548,7.975573631650915
1111,2023,13,847,3.0,4,17.0,4.5057160892349755,4.294802193453877,5.183526602414235
1111,2023,13,848,4.0,12,8.0,8.29546736643944,8.360447809656653,11.782139966967176
1111,2023,13,852,14.0,15,15.0,13.32759865552057,13.216604928888843,13.816463386109875
1111,2023,13,857,8.0,9,9.0,8.177395551021322,8.32688597163198,9.39511253005905
1111,2023,13,859,20.0,14,13.0,14.639700290966887,14.82952541234447,12.96636151700427
1112,2023,14,1,8.0,3,6.0,5.993996078747502,6.1463325826279025,4.570333668466066
1112,2023,14,4,10.0,5,9.0,7.163146817123014,6.841964179612671,5.264369015595369
1112,2023,14,807,13.0,17,17.0,13.736582836778656,13.67256678168016,15.500996140574424
1112,2023,14,815,5.0,2,2.0,4.8898220798789005,4.891258792010012,4.217246279400281
1112,2023,14,822,14.0,13,10.0,13.272493659957004,13.268313863234031,13.182518522195718
1112,2023,14,825,19.0,18,18.0,15.322101331927659,15.457950966147601,15.163855465886817
1112,2023,14,830,2.0,1,1.0,1.7706620311792483,1.7200392361768149,1.5886004973437498
1112,2023,14,832,1.0,6,3.0,3.879501661854208,4.099550950902923,6.631569726806583
1112,2023,14,840,20.0,9,16.0,12.72799153913998,12.754579764544,9.302492801244306
1112,2023,14,842,17.0,11,15.0,12.781210619917585,12.703948796497727,10.786436634769984
1112,2023,14,844,3.0,4,4.0,4.536168595151987,4.830323919163399,5.729140609857696
1112,2023,14,846,9.0,8,8.0,8.166697836346767,8.310511859909624,8.696819826541748
1112,2023,14,847,4.0,7,5.0,5.379565362419026,5.364613537012102,6.976041285711356
1112,2023,14,848,6.0,12,7.0,9.204298342604503,9.174670110102207,11.873582203799762
1112,2023,14,855,16.0,14,14.0,13.344533849093596,13.40556405393623,12.934944244621391
1112,2023,14,857,7.0,10,12.0,7.905754696709986,7.92071387957419,9.922265051137533
1112,2023,14,858,15.0,15,13.0,13.142004574973598,13.354206757380346,13.97324058858353
1112,2023,14,859,12.0,16,11.0,12.546303500650925,12.691738636314577,14.599808622726762
1113,2023,15,1,5.0,3,3.0,4.801170122699616,4.972346194081947,4.551022642419602
1113,2023,15,4,7.0,7,15.0,6.57004816662633,6.114073998344498,6.467169815427598
1113,2023,15,807,9.0,15,13.0,11.791346838060011,12.068659284977066,14.415161331693964
1113,2023,15,815,13.0,2,8.0,7.9786784937724295,7.7243194654477545,4.130810168613501
1113,2023,15,825,6.0,16,10.0,10.736502470245608,10.906838026250517,14.449981792466913
1113,2023,15,830,11.0,1,5.0,5.323127533645515,5.008914693984247,1.5714765597791889
1113,2023,15,832,1.0,5,1.0,3.750192191874258,3.974902423580243,6.003786063107894
1113,2023,15,842,12.0,10,6.0,10.81265450125855,10.982103409113012,10.285084828199842
1113,2023,15,844,3.0,4,4.0,4.491558240944371,4.7694124813311,5.67848655489419
1113,2023,15,846,4.0,8,2.0,6.4063570400755605,6.240442768331945,8.538021599536894
1113,2023,15,847,2.0,6,16.0,4.2520072816822045,4.323721199830924,6.204324254401666
1113,2023,15,848,14.0,11,11.0,11.98607370217466,11.899458889893511,11.40086972585183
1113,2023,15,855,19.0,13,12.0,14.336214075977539,14.342507293493826,12.420864051570017
1113,2023,15,857,17.0,9,7.0,11.671647737930948,11.878684090100917,9.813288529702692
1113,2023,15,858,18.0,12,14.0,14.21512438154338,14.208467107891682,12.350777392412642
1113,2023,15,859,10.0,14,9.0,11.422172125899099,11.366000674574945,13.294226699750448
1114,2023,16,1,7.0,4,5.0,5.849021103803661,5.814201442156519,5.04156187814017
1114,2023,16,4,10.0,7,8.0,8.171432983393322,7.902557347533119,6.86301764254739
1114,2023,16,807,18.0,14,14.0,15.05467266013249,15.136782092958779,13.830447402540443
1114,2023,16,825,15.0,15,15.0,14.35161545905143,14.330190833041351,14.244331892696515
1114,2023,16,830,1.0,1,1.0,1.531865843019589,1.4717901104753226,1.764959201674161
1114,2023,16,832,6.0,2,6.0,5.40100880998585,5.471305100539189,4.3965540103459055
1114,2023,16,839,14.0,9,9.0,10.361071677811843,10.408205257900757,9.072190395185954
1114,2023,16,842,12.0,10,10.0,10.632556850377384,10.618719901751573,10.309902205284983
1114,2023,16,844,4.0,3,4.0,4.801318242043113,4.815658514990267,5.059688768967973
1114,2023,16,846,3.0,5,2.0,5.0771456220619475,5.303322758700968,6.36560255289622
1114,2023,16,847,8.0,6,7.0,7.223794227132878,7.113310923061942,6.602888853203044
1114,2023,16,852,9.0,13,12.0,10.948770201002652,10.99180849697861,12.699769753948846
1114,2023,16,855,19.0,12,13.0,14.34476246936513,14.361023094484345,11.765320187577586
1114,2023,16,857,2.0,8,3.0,5.72903831255854,5.868942526704798,8.853196802384124
1114,2023,16,859,11.0,11,11.0,11.02924752522281,11.213511861031929,11.582491404735203
1115,2023,17,4,4.0,6,6.0,6.0467420950272945,5.8591384200197965,6.87192492263237
1115,2023,17,807,15.0,16,16.0,13.8079128507188,13.745320176207827,14.524301276606463
1115,2023,17,815,13.0,2,10.0,7.617676478135002,7.661542028664578,4.300433776079922
1115,2023,17,822,9.0,13,8.0,10.949355023791473,10.73068206046998,12.64517308746236
1115,2023,17,825,19.0,17,14.0,15.7007491002142,15.773127307967577,15.47565376405883
1115,2023,17,830,1.0,1,1.0,1.7405319717213263,1.3355260696811264,1.6630923899890746
1115,2023,17,839,8.0,8,7.0,8.408019836156855,8.53559683107667,8.991199856839097
1115,2023,17,840,17.0,9,11.0,11.987834091973003,12.186628638697126,9.756190490887086
1115,2023,17,842,7.0,10,12.0,8.730326590596775,8.830711346819463,10.423768701942663
1115,2023,17,844,5.0,3,5.0,5.17825436513804,5.0236452637213915,4.8735239883450845
1115,2023,17,846,10.0,4,3.0,7.372995054959974,7.5036346001331005,5.586797717038605
1115,2023,17,847,2.0,5,4.0,4.864530873799373,4.935905612279916,5.9794286436896655
1115,2023,17,848,14.0,11,13.0,11.865625056554737,11.83118104842933,11.194497579769312
1115,2023,17,852,11.0,15,15.0,11.67975233547617,11.614072434101962,13.61180883889614
1115,2023,17,855,20.0,14,9.0,14.70296154262714,14.932539155647728,13.228579513668157
1115,2023,17,857,6.0,7,2.0,7.092161580062375,7.04381125425305,8.116689375035833
1115,2023,17,859,18.0,12,17.0,13.459244064274605,13.636784066462935,11.950106615358784
1116,2023,18,807,16.0,14,11.0,14.253136414905448,14.22627506265473,13.690796792325488
1116,2023,18,815,9.0,2,4.0,6.696514915215111,6.595642990329035,4.461425002068282
1116,2023,18,817,15.0,11,15.0,12.511782044946289,12.716096875359494,11.43060385554437
1116,2023,18,822,13.0,9,12.0,11.685941266626523,11.82607515331342,10.569658760446202
1116,2023,18,825,14.0,15,14.0,13.86972404962905,13.761162390394407,14.188154995965744
1116,2023,18,830,6.0,1,1.0,3.515835707461192,3.3716265106219696,1.6751362541968788
1116,2023,18,832,4.0,3,3.0,4.548995260838053,4.790314672761215,4.898967791864608
1116,2023,18,840,19.0,7,7.0,13.446855993209475,13.140511059778056,8.65763158324243
1116,2023,18,842,7.0,6,6.0,8.812369158845527,8.962002866190682,8.49782835511434
1116,2023,18,846,2.0,4,2.0,4.0208319393128376,4.022185751661198,5.112766332982349
1116,2023,18,847,5.0,5,5.0,6.086258528209798,6.214988832929198,6.289092041447672
1116,2023,18,848,18.0,8,9.0,13.425809557747812,13.268400789567075,9.768960330573016
1116,2023,18,852,11.0,13,8.0,11.637466711039686,11.6679919664169,12.672963735663032
1116,2023,18,855,12.0,12,13.0,11.889495098653569,11.954970759429935,12.235991014626123
1116,2023,18,858,20.0,10,10.0,14.266511310922674,14.149104875149444,10.610527616628136
1117,2023,19,1,6.0,5,2.0,5.261002189634979,5.332212301366054,5.573975250733237
1117,2023,19,807,12.0,17,13.0,12.633948547827236,12.6198415450602,14.988363079354997
1117,2023,19,817,4.0,13,7.0,8.02867573820159,8.054647710383325,11.730806046902417
1117,2023,19,822,9.0,12,15.0,10.371774349217958,10.530611759746348,12.068714943041172
1117,2023,19,830,3.0,1,1.0,2.2051339449290097,2.1961434135044966,1.5473315303233095
1117,2023,19,832,2.0,4,4.0,3.7306403836683923,3.970353212329763,5.2784078036086
1117,2023,19,839,16.0,9,10.0,11.536063694172517,11.673201979624798,9.447879863199145
1117,2023,19,840,18.0,10,17.0,13.003825547352672,13.001062014523088,10.297608380709164
1117,2023,19,842,11.0,8,11.0,10.311026288438287,10.202572451821585,9.376924982910511
1117,2023,19,844,1.0,3,3.0,3.318674308486104,3.5071937502670973,4.767370534953693
1117,2023,19,846,19.0,2,5.0,9.502081821651926,9.644046191378045,3.615801026705121
1117,2023,19,847,8.0,7,6.0,7.245263773634004,7.309787726845975,7.438124107041727
1117,2023,19,848,14.0,11,9.0,11.973903661208189,11.822711951902248,11.162767684834472
1117,2023,19,852,15.0,16,12.0,12.582481168570055,12.97046043950498,14.172499802344792
1117,2023,19,855,10.0,15,14.0,10.833679429613255,10.97626475689357,13.390776447460754
1117,2023,19,857,7.0,6,8.0,6.800038241346259,6.489598749703845,6.895225186030904
1117,2023,19,858,20.0,14,16.0,14.223980705211297,14.277191818952122,12.632993768243118
1118,2023,20,1,5.0,5,8.0,4.636505780933191,4.723169924838614,5.328677623205415
1118,2023,20,4,4.0,7,3.0,5.945229911960297,6.2465289775361175,7.203352950269044
1118,2023,20,807,11.0,14,12.0,12.152641966305662,12.189855753025837,13.497493406933941
1118,2023,20,815,9.0,2,4.0,6.560129523978496,6.473295429781629,4.310668507958958
1118,2023,20,817,17.0,11,13.0,12.774965786645701,12.786896260933638,11.018049232193802
1118,2023,20,830,1.0,1,1.0,1.5014450689751255,1.383169023732128,1.4580210837926026
1118,2023,20,832,8.0,4,6.0,6.015915331674842,6.111311568421565,5.22286629397967
1118,2023,20,839,12.0,8,10.0,9.47702415858419,9.506056948685337,8.387976149625214
1118,2023,20,840,3.0,10,5.0,8.02337698199272,8.208516636314732,10.871796885210788
1118,2023,20,842,13.0,9,7.0,10.8374153729379,10.880448634220174,9.910130149320018
1118,2023,20,846,7.0,3,2.0,5.198809750144613,5.066141556028166,4.007362517584542
1118,2023,20,852,16.0,12,9.0,12.92829255888326,12.928029185897104,11.621472551473422
1118,2023,20,857,10.0,6,14.0,7.2240450371187155,7.203354123143046,6.634100152725978
1118,2023,20,858,19.0,13,11.0,14.111361271861984,14.112849395234024,12.259954097684043
1119,2023,21,1,11.0,5,7.0,6.626326895504372,6.763208975068757,5.131141323474048
1119,2023,21,4,10.0,8,9.0,8.142075110531046,8.138207687209569,7.814489870461372
1119,2023,21,807,13.0,18,19.0,12.703588673223607,12.936229161652516,15.617132191318177
1119,2023,21,815,12.0,2,3.0,7.453553865529404,7.397328561604888,4.303306415981664
1119,2023,21,817,15.0,14,14.0,12.38416336533031,12.256549309716416,12.496939298556631
1119,2023,21,822,8.0,15,17.0,10.118334829314094,10.02527077200946,13.331755362032634
1119,2023,21,825,9.0,19,13.0,11.231843832301191,11.29758514171955,15.789794915801318
1119,2023,21,830,3.0,1,1.0,2.0575659194624114,1.77411430653944,1.093549878526467
1119,2023,21,832,2.0,3,6.0,3.4467480533994985,3.6610489597457363,4.500343385856173
1119,2023,21,839,17.0,9,4.0,11.203389535545291,11.472989623541691,9.104915439247112
1119,2023,21,840,14.0,11,5.0,11.351270087829963,11.36587359484092,11.03883245285262
1119,2023,21,842,5.0,10,11.0,7.493609305334475,7.324999033215133,9.852230964488182
1119,2023,21,844,1.0,4,2.0,3.0991053221394695,3.382168286260348,5.117564920631339
1119,2023,21,847,4.0,7,8.0,6.163255814701344,6.0422172872226705,7.989356460480094
1119,2023,21,848,6.0,12,12.0,8.572895238730583,8.768263272854156,11.527156119009948
1119,2023,21,852,20.0,13,18.0,14.14958198599901,14.225529984525512,12.207703362666386
1119,2023,21,855,18.0,17,15.0,13.96779405424605,14.22490752118405,14.7372624886199
1119,2023,21,857,19.0,6,10.0,11.275962091854867,11.0799312237344,7.092644229700011
1119,2023,21,858,7.0,16,16.0,9.726609405893731,9.890039131386297,13.941073124719873
1120,2023,22,1,11.0,5,9.0,6.906120350093008,7.065208835850097,5.324963544380361
1120,2023,22,4,7.0,9,7.0,7.107019410873568,7.082090548994211,8.248109253259377
1120,2023,22,807,8.0,20,15.0,11.239657725470725,11.215147766259518,16.456493614960227
1120,2023,22,815,9.0,2,4.0,6.605854346479288,6.617167446030207,4.454358855902019
1120,2023,22,817,15.0,14,11.0,12.479848946398269,12.790425927844472,12.747081270303244
1120,2023,22,822,18.0,15,19.0,14.152056713121032,14.146777101573086,13.532279238146865
1120,2023,22,825,17.0,19,20.0,14.087115764761778,14.40432154709119,15.625562683568656
1120,2023,22,830,1.0,1,1.0,1.4640477411710133,1.3207192425398695,1.3435183218382463
1120,2023,22,832,16.0,4,18.0,8.701629943202295,8.92999665727113,5.038662604715558
1120,2023,22,839,12.0,10,12.0,9.29839062444455,9.419624527466487,9.363743989716978
1120,2023,22,840,13.0,12,10.0,10.841177285963568,10.96157685386152,11.294025854044593
1120,2023,22,842,10.0,11,13.0,9.302120272101398,9.255929449640242,10.249240136750394
1120,2023,22,844,2.0,3,2.0,3.878946704671156,3.6719368916110984,4.456691112451918
1120,2023,22,846,5.0,6,5.0,4.864410169445866,5.11582949500154,6.0174670610324155
1120,2023,22,847,4.0,7,3.0,6.36350453954646,6.279651727936741,7.9821076079707085
1120,2023,22,848,14.0,13,14.0,11.955943829249126,11.844403203638036,11.987396009324884
1120,2023,22,852,6.0,16,8.0,9.32977063982512,9.346574903601436,13.710930830109373
1120,2023,22,855,19.0,18,17.0,14.708676493173291,14.70827973966907,15.072201785036018
1120,2023,22,857,3.0,8,6.0,5.5298608432980565,5.6154003394058645,8.27117473617283
1120,2023,22,858,20.0,17,16.0,14.797706215265261,14.842415717868143,14.509350589449394
1121,2024,1,1,9.0,6,7.0,6.394147931427773,6.562699174242353,6.492228580390005
1121,2024,1,4,6.0,9,9.0,7.053600034112856,6.9813521105495635,8.983446902686692
1121,2024,1,807,10.0,20,16.0,11.324565527839589,11.146927344938884,15.826195096655287
1121,2024,1,815,5.0,2,2.0,4.088426950866245,4.210064805239201,3.836214544645168
1121,2024,1,817,14.0,14,13.0,10.602028084775053,10.603207630149193,11.674477334313975
1121,2024,1,822,16.0,13,19.0,11.360495255670642,11.13366078576895,11.071496275076388
1121,2024,1,825,15.0,19,12.0,12.459684062800712,12.572579346584003,14.846471326658499
1121,2024,1,830,1.0,1,1.0,1.7142679677817014,1.726875703025236,2.4918631430113063
1121,2024,1,832,4.0,5,3.0,4.505791631942403,4.640070293252564,5.808224429576664
1121,2024,1,839,19.0,10,17.0,11.733308984121726,11.498018699680609,9.121051070535463
1121,2024,1,840,12.0,11,10.0,9.493514401206363,9.654921573260156,10.116981881307135
1121,2024,1,842,20.0,12,18.0,12.649730788279042,12.416882097916426,10.645539928676822
1121,2024,1,844,2.0,3,4.0,3.5459073059694406,3.6661949469596564,4.700043037635135
1121,2024,1,846,7.0,4,6.0,5.658630684660785,5.682799117640436,5.094339155716826
1121,2024,1,847,3.0,7,5.0,5.5019408679255495,5.483079088158626,7.665228178382349
1121,2024,1,848,13.0,17,15.0,11.15771105141836,10.995212259204829,13.764083627478563
1121,2024,1,852,11.0,15,14.0,9.753337662640657,9.656431514606094,12.221608201515359
1121,2024,1,855,17.0,16,11.0,11.92428016137435,11.735297267365743,12.702202485348188
1121,2024,1,857,8.0,8,8.0,6.565135539577243,6.566480039371598,7.603361323935307
1121,2024,1,858,18.0,18,20.0,13.158223239513518,13.149390980770823,14.272138113926008
1122,2024,2,1,8.0,5,9.0,6.530814253197052,6.532340323878903,6.074690918293963
1122,2024,2,4,4.0,9,5.0,7.092851379430644,7.121478443266521,9.475223249576127
1122,2024,2,807,15.0,18,10.0,13.598398887466264,13.623881667207849,15.238693816631285
1122,2024,2,815,3.0,2,2.0,3.253537356384008,3.3341696327025723,3.9658544665437425
1122,2024,2,817,14.0,15,16.0,12.154162133057229,12.344423214865408,13.329524781237659
1122,2024,2,822,16.0,11,17.0,11.973726697178822,11.70526318855217,10.141976931010786
1122,2024,2,825,13.0,16,12.0,12.528568647273222,12.518876310696335,13.890056188545145
1122,2024,2,830,1.0,1,1.0,1.5483869360070432,1.6120230350610996,2.5148540264628902
1122,2024,2,839,17.0,10,13.0,12.261434798481929,12.147662840885122,9.940648042620438
1122,2024,2,844,2.0,3,3.0,3.8349718157629056,3.731039609552578,4.688058003751518
1122,2024,2,846,6.0,4,8.0,5.695060734528919,5.817306392334276,5.351849862536037
1122,2024,2,847,7.0,6,6.0,6.711344864926529,6.713458403870444,7.171586420092356
1122,2024,2,848,12.0,14,11.0,11.800486585942707,11.658597757538587,12.610229335754628
1122,2024,2,852,9.0,13,15.0,10.259884860198554,10.209256022390594,11.720436231410742
1122,2024,2,855,20.0,12,18.0,13.804048232277175,13.707594636508269,11.353715729166709
1122,2024,2,857,5.0,7,4.0,6.182118008779428,6.230400023562936,7.323339432412253
1122,2024,2,858,19.0,17,14.0,14.536160224999815,14.623868377307982,14.242451027107439
1122,2024,2,860,11.0,8,7.0,8.395281082837776,8.485440704494799,8.347313048333488
1123,2024,3,4,10.0,7,8.0,8.475255179355894,8.428426241233256,7.942648169900189
1123,2024,3,807,16.0,15,9.0,13.673866869504382,13.69597834103394,13.696313860289937
1123,2024,3,815,3.0,1,5.0,3.300376226224775,3.379939560644374,3.211771252585108
1123,2024,3,817,18.0,17,12.0,13.97414007639315,14.219371535741445,14.58257887682042
1123,2024,3,822,13.0,11,14.0,11.613348583274357,11.361771357387001,10.606730461357929
1123,2024,3,825,14.0,16,10.0,12.81165248297664,12.719510467809666,13.721078131866967
1123,2024,3,832,2.0,4,1.0,4.067615123848662,4.067845256237483,5.1881554682481905
1123,2024,3,839,15.0,9,16.0,12.066847903641124,11.953123123707499,9.66318117418373
1123,2024,3,840,9.0,8,6.0,8.622063782294955,8.565584335584983,8.793102650265212
1123,2024,3,842,17.0,10,13.0,12.782841322082279,12.763060047289331,10.285554599046478
1123,2024,3,844,5.0,2,2.0,4.59845735957818,4.772685436340889,4.054097356532925
1123,2024,3,846,4.0,3,3.0,4.900780970079429,4.945468173906686,4.812888359073646
1123,2024,3,847,7.0,5,17.0,7.038992452924354,6.998660606370033,6.672577980851468
1123,2024,3,848,12.0,13,11.0,11.775565507028785,11.871960982184838,12.289080961169784
1123,2024,3,852,8.0,14,7.0,10.599596775880666,10.44789368242493,12.619912030199457
1123,2024,3,855,19.0,12,15.0,13.753079772448842,13.777334921070562,11.527403342049036
1123,2024,3,857,6.0,6,4.0,6.033454067363934,6.141248964462407,6.6694514991863905
1124,2024,4,1,7.0,9,9.0,7.263026105084616,7.271540035647363,8.838851320963837
1124,2024,4,4,5.0,7,6.0,6.496111773647764,6.312255936690085,7.570038017896732
1124,2024,4,807,12.0,16,11.0,12.318892583622091,12.202352949463112,13.994349739847353
1124,2024,4,815,2.0,2,2.0,2.9118353308512352,3.031387075803133,3.7396640291319683
1124,2024,4,822,13.0,14,14.0,12.322875615721303,12.121838759825057,12.74391630501321
1124,2024,4,825,18.0,15,13.0,14.154315339386098,14.256873872267757,13.310394541253801
1124,2024,4,830,1.0,1,1.0,1.7471893701067858,1.8351585501598864,2.799865031585255
1124,2024,4,832,4.0,4,3.0,4.594150218065361,4.490924349634222,5.120066176573513
1124,2024,4,839,15.0,11,15.0,12.508915071030671,12.460648463173573,11.02756211266864
1124,2024,4,840,16.0,10,12.0,10.812687430446799,11.022413622548738,9.658556641732394
1124,2024,4,842,17.0,13,16.0,13.172204248697675,13.153682779154503,11.893203041873292
1124,2024,4,844,8.0,3,4.0,5.308779823904818,5.414720016996306,4.246817885277299
1124,2024,4,846,3.0,5,5.0,4.280921544644537,4.316068032104562,5.691639011277157
1124,2024,4,847,9.0,8,7.0,7.9878014845153515,8.078561641120995,8.16666937578137
1124,2024,4,852,10.0,12,10.0,10.536291079185968,10.543165653930526,11.279445818238642
1124,2024,4,857,6.0,6,8.0,5.894856532142967,6.052461612902435,6.8526306249271345
1124,2024,4,858,19.0,17,17.0,14.910375450586013,14.956730380766153,14.743316736479365
1125,2024,5,1,18.0,9,9.0,11.215435773773933,11.309289567077682,8.987676655857658
1125,2024,5,4,3.0,7,7.0,5.4894070307688825,5.470892764141605,7.484781300176467
1125,2024,5,807,9.0,12,10.0,11.20182427133665,11.053130079695688,12.305648942846858
1125,2024,5,815,2.0,2,3.0,2.8874930603381754,2.9649487456631842,3.593520824046502
1125,2024,5,825,17.0,11,16.0,13.367853090178027,13.533915611734011,11.164250483757916
1125,2024,5,830,1.0,1,1.0,1.5756144506873762,1.6585874166694925,2.515750940933245
1125,2024,5,832,7.0,4,5.0,5.610492095389606,5.590213588043475,4.966847338232487
1125,2024,5,839,13.0,14,11.0,12.041515788361517,12.06865336761491,12.534472118536268
1125,2024,5,840,11.0,10,15.0,9.029449125812604,9.284237739891896,9.650181302294
1125,2024,5,842,15.0,13,13.0,12.721092068480083,12.828156348840494,12.000775735146023
1125,2024,5,844,6.0,3,4.0,4.717669125648861,4.692633943834442,4.028938099931464
1125,2024,5,846,4.0,5,2.0,4.45767964152218,4.522538660654982,5.273827514650881
1125,2024,5,847,8.0,8,6.0,7.994969280591483,7.750064266853249,8.011457349134508
1125,2024,5,848,14.0,15,12.0,12.884389527716468,12.786833392752161,13.444571454410436
1125,2024,5,855,16.0,16,14.0,13.593258637950559,13.717989833857143,14.18504124840879
1125,2024,5,857,5.0,6,8.0,5.730316042895318,5.834254776322665,6.891189986607675
1125,2024,5,858,20.0,17,17.0,15.207035094477256,15.256192037508221,14.546232708237298
1126,2024,6,1,8.0,9,6.0,7.901349194396053,7.95342023477547,9.051680248741219
1126,2024,6,4,15.0,7,9.0,9.88785251623912,9.959093488049042,7.558454324651953
1126,2024,6,807,9.0,13,11.0,11.00290861135208,10.7920452222907,12.45050444564503
1126,2024,6,815,4.0,2,4.0,3.2982202157609457,3.38823411313391,3.581291760983982
1126,2024,6,817,18.0,12,15.0,13.672465725726326,13.774275691075214,11.71410430597855
1126,2024,6,822,16.0,19,16.0,14.888040986589212,14.739828441060277,16.304788263031647
1126,2024,6,825,19.0,14,19.0,14.039288970801941,14.227739726578,12.735145952222023
1126,2024,6,830,1.0,1,2.0,1.5847442175603632,1.600042789525598,2.552697335585375
1126,2024,6,832,3.0,4,5.0,3.5751180957383895,3.672403719579327,4.850906128097902
1126,2024,6,839,13.0,17,10.0,12.122110249055194,12.217571704715862,14.251868761933538
1126,2024,6,840,11.0,10,17.0,9.51883977248796,9.371716759734639,9.692182890290342
1126,2024,6,842,12.0,15,12.0,11.670832645414865,11.721955767710247,13.120090139551875
1126,2024,6,844,2.0,3,3.0,2.621025893762276,2.7069833783602704,3.871468893655342
1126,2024,6,846,5.0,5,1.0,4.73704103729417,4.803891651751744,5.187221285777726
1126,2024,6,847,7.0,8,8.0,7.255918243810216,7.304690369785289,8.214978160322431
1126,2024,6,848,14.0,16,18.0,12.736283281965463,12.710570043924726,13.8375814054452
1126,2024,6,852,10.0,11,7.0,11.047657001455704,10.862070322813084,11.342239231942674
1126,2024,6,855,20.0,18,14.0,16.0519555689044,16.071131483630836,15.644928864747808
1126,2024,6,857,6.0,6,13.0,6.391936184811154,6.490026528156103,6.838818694912566
1127,2024,7,1,8.0,9,6.0,7.910083050752563,8.008909310136378,9.092396826670804
1127,2024,7,4,19.0,8,19.0,11.673173903758167,11.718615505962056,8.201626986305037
1127,2024,7,807,10.0,14,11.0,11.57623024903441,11.374767981886489,13.399609076332093
1127,2024,7,815,11.0,2,8.0,5.889491458667232,5.9495916771660315,3.5176708881412893
1127,2024,7,817,9.0,12,13.0,10.120533515895254,10.202859291384618,11.508580160450636
1127,2024,7,822,16.0,19,18.0,15.044198918406254,15.032145524650549,16.737258297050637
1127,2024,7,825,18.0,16,12.0,13.687677458343014,13.847496207989217,13.759636385430422
1127,2024,7,830,1.0,1,1.0,1.8717307565803214,1.6710736221449274,2.576393104352041
1127,2024,7,832,5.0,5,5.0,4.900922437940159,4.932988567608413,5.806969544520259
1127,2024,7,839,12.0,13,14.0,11.728543260893499,11.667698267380537,12.186035684641237
1127,2024,7,840,13.0,10,9.0,10.577936642476349,10.269510427998654,9.652070427435794
1127,2024,7,842,15.0,15,16.0,12.774677878366084,12.82566604264001,13.224082670350354
1127,2024,7,844,4.0,3,3.0,3.4537247023858955,3.474641957327295,3.856263625430328
1127,2024,7,846,3.0,4,2.0,3.68588365706976,3.9133425378877273,4.768028478354076
1127,2024,7,847,6.0,7,7.0,6.779972794888775,6.860764513360381,7.638897062171621
1127,2024,7,852,7.0,11,10.0,9.604534839541675,9.701551234966463,11.403128183760174
1127,2024,7,855,17.0,18,15.0,14.840867676738576,14.868942254500137,15.488842368765768
1127,2024,7,857,2.0,6,4.0,5.084571811459831,5.205824804254205,7.3448316532970255
1127,2024,7,858,20.0,17,17.0,15.442895710697545,15.51978884615823,14.779756664925333
1128,2024,8,1,7.0,7,7.0,7.7086858978218205,7.889642355526283,8.292687842681651
1128,2024,8,4,16.0,8,11.0,11.220261516542074,11.212289858449925,8.499420336130541
1128,2024,8,817,13.0,11,12.0,11.634111588988109,11.68404932645512,11.14957374846162
1128,2024,8,822,19.0,15,13.0,16.118788217929463,16.043820938535355,14.508946538032157
1128,2024,8,830,6.0,1,6.0,3.845487771298629,3.460068089508752,2.3233656265929703
1128,2024,8,832,3.0,4,3.0,4.1564083211372855,4.288669255664462,5.386788659444095
1128,2024,8,840,14.0,9,14.0,11.068416514296905,10.878890735668719,9.085753331335756
1128,2024,8,842,10.0,12,10.0,11.233577260456354,11.277864399504093,11.87603999833758
1128,2024,8,844,1.0,2,1.0,2.222066437747851,2.3036647616086183,3.2982479379048515
1128,2024,8,846,4.0,3,4.0,3.868439073464663,4.0762593405155485,4.023569276781828
1128,2024,8,847,5.0,6,5.0,6.436136978051044,6.549928990302991,6.964168862066767
1128,2024,8,848,9.0,13,9.0,11.776680279782404,11.720342777063728,12.818242536090551
1128,2024,8,852,8.0,10,8.0,9.864307028872576,9.859237203435551,10.647546006522969
1128,2024,8,855,20.0,14,16.0,15.98702174357732,15.956696359970547,13.509452931592321
1128,2024,8,857,2.0,5,2.0,4.897203687290769,4.959219810269439,6.634565588067989
1128,2024,8,858,17.0,16,15.0,15.064670127336395,15.314362896743424,14.655517723717253
1129,2024,9,1,7.0,5,4.0,6.724755717841653,7.004925612286609,6.749135545442259
1129,2024,9,4,6.0,6,6.0,8.048609468222095,8.166427163911957,7.86464884360975
1129,2024,9,807,19.0,11,11.0,14.465063967461404,14.554308056077515,11.65979777303761
1129,2024,9,817,5.0,9,8.0,8.692534749724878,8.778010316444275,10.109538476240985
1129,2024,9,822,17.0,15,13.0,15.655365057599695,15.52575477779571,14.751821956575592
1129,2024,9,825,14.0,13,12.0,12.825547137924529,12.608944253308913,12.080616191856306
1129,2024,9,830,2.0,1,1.0,2.4108656554008494,2.103587289516435,2.2933123610815507
1129,2024,9,839,18.0,10,10.0,13.89627288544989,13.939078184330018,10.913726782620294
1129,2024,9,840,9.0,8,7.0,9.294749227760217,9.440684289359494,8.867551007742096
1129,2024,9,842,15.0,12,9.0,13.230958312070758,13.088325808026308,11.923186192978156
1129,2024,9,846,3.0,2,2.0,3.646141135873158,3.809780013497985,3.438602906753049
1129,2024,9,847,1.0,4,3.0,4.721127077299421,4.800703180575997,5.953166640361237
1129,2024,9,852,8.0,7,14.0,9.438240783568428,9.700399258340235,9.043057429629306
1129,2024,9,855,20.0,14,15.0,16.24873328624869,16.244124872778947,13.831960005850316
1129,2024,9,857,4.0,3,5.0,5.104845959202894,5.215086008980274,5.189248156405167
1130,2024,10,1,3.0,8,3.0,5.235404658915903,5.375509194177004,8.177940860310056
1130,2024,10,4,11.0,9,12.0,9.847634873398011,9.741030725355191,9.085215809726082
1130,2024,10,807,13.0,15,11.0,12.16534437309277,12.073456494131928,13.304605614141025
1130,2024,10,815,8.0,4,8.0,5.468552946671549,5.485098658819805,5.169337337676325
1130,2024,10,817,18.0,12,15.0,13.398175102160092,13.326928580286285,11.554952463526497
1130,2024,10,822,12.0,18,16.0,13.597772976853694,13.556695311852359,16.06746660229163
1130,2024,10,825,16.0,16,17.0,13.284535568254299,13.32609422160122,13.670090043338993
1130,2024,10,830,2.0,1,1.0,2.1252532719979955,2.082721517862801,2.2404325473730893
1130,2024,10,832,6.0,5,6.0,5.248137002248726,5.270051321526366,5.910757411218939
1130,2024,10,839,9.0,14,10.0,10.607084822552888,10.769246540110366,13.03781318260888
1130,2024,10,840,14.0,10,14.0,11.326306953516871,11.31005767687582,9.978982423636058
1130,2024,10,842,7.0,13,9.0,9.83650282894474,9.95100935195596,12.387848985182432
1130,2024,10,844,5.0,2,5.0,3.9217911584026055,3.9296031509305855,3.4066460405176358
1130,2024,10,846,1.0,3,2.0,2.975441557931041,2.9212048472127776,3.9081396087659606
1130,2024,10,847,4.0,7,4.0,5.38606035194051,5.56288455918149,7.210791144395847
1130,2024,10,848,19.0,17,18.0,15.355846996304665,15.316900036229812,14.839127429481676
1130,2024,10,852,17.0,11,19.0,12.725051800970135,12.638761005702646,10.8608685393888
1130,2024,10,855,15.0,19,13.0,14.243803858327203,14.319217944465116,16.29450012030059
1130,2024,10,857,10.0,6,7.0,6.902436845131076,6.998887335867336,6.383994603054475
1130,2024,10,858,20.0,20,20.0,16.606562947562676,16.5163754905335,16.66533889698536
1131,2024,11,1,5.0,6,4.0,5.624442715703987,5.769756751489183,6.864487278030605
1131,2024,11,4,15.0,9,18.0,11.465987511135232,11.277427411147201,9.173048978255844
1131,2024,11,807,9.0,15,6.0,10.597978767715317,10.62550926486608,13.301423015305403
1131,2024,11,815,8.0,4,7.0,5.596698264386818,5.61149269052396,5.2585068865154385
1131,2024,11,817,11.0,14,9.0,11.369113386980725,11.242727798181761,12.720217727240602
1131,2024,11,822,18.0,18,16.0,15.512893543644424,15.454075750405655,15.829099143150836
1131,2024,11,825,12.0,16,8.0,11.867460942427542,11.924029498784858,13.67919531305876
1131,2024,11,830,1.0,1,5.0,1.8315623115217,1.791600536641031,2.194017323025909
1131,2024,11,832,4.0,5,3.0,4.658494890219328,4.615671836470699,5.89403881438267
1131,2024,11,839,10.0,13,12.0,11.046436986001549,10.939600711919331,12.418917790721915
1131,2024,11,840,17.0,10,13.0,12.731275509115502,12.715608807786737,10.150317507394172
1131,2024,11,842,13.0,11,10.0,11.852134795088663,11.898506343778184,11.275308116627476
1131,2024,11,844,6.0,3,11.0,4.441188590245504,4.490448459870551,4.118139373951243
1131,2024,11,846,2.0,2,20.0,3.1020125967372243,3.0962789953155507,3.3657097759905232
1131,2024,11,847,3.0,8,1.0,5.043821137805906,5.118688044049137,7.7074865071396506
1131,2024,11,848,16.0,17,15.0,14.471319343830782,14.446372319377897,14.841134710397005
1131,2024,11,852,14.0,12,14.0,11.987680384813832,12.00509948822315,11.380800817609654
1131,2024,11,855,20.0,19,17.0,15.902442218528954,15.921805357842526,15.99146458655876
1131,2024,11,857,7.0,7,2.0,5.9348617971326885,6.022171263632787,6.9054985922108365
1131,2024,11,858,19.0,20,19.0,16.402020108342864,16.45767987114945,16.96993462248536
1132,2024,12,1,2.0,6,1.0,4.261469518594821,4.458869564179575,6.83349239020013
1132,2024,12,4,10.0,8,8.0,9.511973467085527,9.588941622998473,8.6701434099038
1132,2024,12,807,6.0,9,6.0,8.782286967274876,8.652028597264378,9.811204938310858
1132,2024,12,815,19.0,5,17.0,9.73201710227417,9.758656302553531,5.779824926441647
1132,2024,12,817,15.0,12,13.0,12.691030251829615,12.733713744096944,11.847321039021402
1132,2024,12,822,16.0,16,15.0,14.64564166092741,14.71462357733144,14.770263461847133
1132,2024,12,825,17.0,14,12.0,13.057518499518192,13.287516124031153,12.761106801571254
1132,2024,12,830,4.0,1,2.0,3.491840645928769,3.0718398522997568,2.2672248713753085
1132,2024,12,832,7.0,4,5.0,5.472806311679236,5.299375198806101,4.950719231232231
1132,2024,12,839,18.0,13,16.0,13.792626234789129,13.61659785994249,12.326114276437487
1132,2024,12,840,8.0,10,7.0,9.87395666105349,9.916617449105638,10.505246034159711
1132,2024,12,844,11.0,2,14.0,6.55299651572366,6.542378907852354,3.805172691783924
1132,2024,12,846,3.0,3,3.0,3.655216831406076,3.6994902096760462,3.9638421479659547
1132,2024,12,848,9.0,15,9.0,12.0074376153746,12.091824965216409,14.099357918347508
1132,2024,12,852,13.0,11,10.0,11.480080976155708,11.436982701380987,10.702587715032948
1132,2024,12,855,14.0,17,18.0,13.952463144322586,13.964266240724783,15.013530309873335
1132,2024,12,857,5.0,7,4.0,5.406066334566855,5.506377082999433,7.285326766209513
1132,2024,12,858,12.0,18,11.0,13.744044593860693,13.92430057923897,15.985012343359267
1133,2024,13,1,5.0,3,3.0,5.304710347916347,4.976276837797079,4.887292477558576
1133,2024,13,4,7.0,10,11.0,8.451096441827659,8.533008289980122,9.843346459552343
1133,2024,13,807,11.0,9,13.0,10.226189162054231,10.134763751287768,9.516277659813914
1133,2024,13,815,16.0,8,7.0,9.075672073787365,9.140063373079153,7.523298816323835
1133,2024,13,817,9.0,14,12.0,10.466009416594812,10.490610624935007,12.697195485792044
1133,2024,13,822,12.0,17,16.0,13.439864253850427,13.335251964459388,15.24523471957315
1133,2024,13,825,15.0,13,15.0,12.376684728220278,12.382404224077549,12.039453644924855
1133,2024,13,830,3.0,1,5.0,3.2188062725235786,2.977684647807779,2.366623977004261
1133,2024,13,832,4.0,4,6.0,4.643357790847278,4.664381919016227,5.212076186929174
1133,2024,13,839,19.0,15,18.0,14.27401670363342,14.086078395268954,13.313317544311158
1133,2024,13,840,8.0,11,10.0,9.309460142316212,9.401746716852097,10.70049114641946
1133,2024,13,844,6.0,6,4.0,5.145078655736264,5.18946246454009,5.969756310265702
1133,2024,13,846,1.0,2,2.0,2.638676764315985,2.768888405353545,3.233139234234992
1133,2024,13,847,17.0,5,8.0,9.582311179145831,9.737602445127028,6.13609131447475
1133,2024,13,848,13.0,16,14.0,13.036541339661918,13.066132856629505,14.369054040031127
1133,2024,13,852,10.0,12,9.0,10.159196471042618,10.204016113111196,11.048127812759821
1133,2024,13,855,18.0,18,19.0,15.115697062930284,15.284168774162993,15.405711374407996
1133,2024,13,857,2.0,7,1.0,4.22658010230324,4.421605274800431,7.26469338844877
1133,2024,13,858,14.0,19,17.0,13.952374235521017,13.97187260489476,16.290068528365175
1134,2024,14,1,4.0,3,1.0,4.551785558168799,4.529226790465937,4.810560223614804
1134,2024,14,4,9.0,8,8.0,9.399501858556327,9.201769776604838,8.843828819268547
1134,2024,14,807,16.0,9,18.0,12.326211743262142,12.217032566888513,9.640538036861447
1134,2024,14,815,3.0,7,7.0,4.605169888712041,4.659283742199806,7.122461730506712
1134,2024,14,817,13.0,12,10.0,11.924439335338423,11.918319671489265,11.69777506001424
1134,2024,14,822,14.0,17,15.0,14.160253267410553,14.171895626117415,15.352710227110624
1134,2024,14,825,17.0,13,14.0,13.604540701867808,13.484823138681115,12.24079729718927
1134,2024,14,830,1.0,1,4.0,2.295098679889688,2.441195507798028,2.545123520363397
1134,2024,14,832,8.0,5,6.0,6.298982127353693,6.43552977556035,5.910992723500602
1134,2024,14,839,10.0,15,9.0,11.410490414915099,11.35073245785114,13.608599100793057
1134,2024,14,840,15.0,10,11.0,11.805575540757609,12.056961054206809,10.368098053599692
1134,2024,14,842,12.0,14,13.0,11.891200560566816,12.187626725538532,13.329307586851149
1134,2024,14,844,2.0,6,3.0,4.146724377510164,4.091528923399815,6.229571640638996
1134,2024,14,846,5.0,2,5.0,4.157295940401682,4.090168560896562,3.0677025623175043
1134,2024,14,848,11.0,16,12.0,12.4837505406568,12.501437670976065,14.420017859414443
1134,2024,14,852,18.0,11,16.0,13.065363851347017,13.067378081783541,10.569892679709815
1134,2024,14,857,6.0,4,2.0,5.540988218846133,5.528368178361364,5.367874480840171
1134,2024,14,858,19.0,18,17.0,15.962264662919114,16.081252617677716,15.662578577578923
1135,2024,15,1,11.0,1,8.0,6.541597293357762,6.605569292072502,3.3942342927485036
1135,2024,15,4,7.0,9,10.0,8.530126426460447,8.607375682874432,9.455149707531858
1135,2024,15,807,13.0,11,11.0,11.489465231468246,11.4158401526476,10.753881300004696
1135,2024,15,815,5.0,8,6.0,5.8579443309484684,5.884022881755057,8.035941244148528
1135,2024,15,817,15.0,13,12.0,12.540072019481965,12.622936067377193,12.101536502893097
1135,2024,15,822,17.0,19,19.0,15.219831803622709,15.215506280090695,16.272419785881585
1135,2024,15,825,14.0,16,18.0,12.678093993798113,12.63007356009404,13.807871100216897
1135,2024,15,830,2.0,2,2.0,3.059178895158194,3.1165663893719113,3.3034473818999563
1135,2024,15,832,10.0,6,5.0,7.145167839718388,7.156673353533075,6.445016421433086
1135,2024,15,839,16.0,15,15.0,13.095976050938955,13.308745639319,13.40802396271235
1135,2024,15,840,8.0,10,13.0,9.444900339888193,9.527333416193414,10.356049934186684
1135,2024,15,842,9.0,14,9.0,10.944652457038181,10.826913635868273,13.114139224846165
1135,2024,15,844,6.0,7,3.0,5.510460842001606,5.37355622169371,6.683741738876362
1135,2024,15,846,1.0,3,1.0,2.496282284132251,2.5558859945843437,3.604865744913523
1135,2024,15,847,4.0,5,7.0,4.671381725122569,4.4897353247331795,5.748313121293782
1135,2024,15,848,19.0,17,14.0,15.424003328300497,15.343211801645202,14.932586007359014
1135,2024,15,852,12.0,12,17.0,11.151143889614232,11.042203398168077,11.02345134591059
1135,2024,15,855,18.0,20,20.0,15.466288816796961,15.491968763799111,16.429049036405424
1135,2024,15,857,3.0,4,4.0,4.1213583723265685,4.246735291972581,5.1169530725868455
1135,2024,15,858,20.0,18,16.0,16.253967157859194,16.187933389915454,15.720295135913087
1136,2024,16,1,6.0,3,5.0,4.7604932079486755,4.934387269736288,4.421428619214909
1136,2024,16,4,11.0,9,11.0,10.271754101790622,10.11237193405631,9.444006466251682
1136,2024,16,807,10.0,11,17.0,10.454990724807876,10.449837246128112,10.822027154201301
1136,2024,16,815,8.0,8,8.0,7.231312105354369,7.151514577721988,8.174911819095628
1136,2024,16,817,12.0,12,13.0,11.543068942744034,11.428028982881678,11.839101062711627
1136,2024,16,822,19.0,18,16.0,16.396053654944076,16.341550492016722,16.039486088432945
1136,2024,16,825,13.0,16,10.0,12.289241017237046,12.368411864486106,13.819959616222572
1136,2024,16,830,7.0,2,6.0,4.925378978958231,4.88895034680288,3.1913163935796387
1136,2024,16,832,5.0,7,4.0,5.214198803520986,5.358525033349661,7.013050227772646
1136,2024,16,839,15.0,15,14.0,13.050880158512948,13.06842080692066,13.42230154132151
1136,2024,16,840,17.0,10,19.0,12.574175669308907,12.65975390062973,10.362929365590682
1136,2024,16,842,14.0,13,15.0,12.566263252876034,12.58950609342807,12.431894813270521
1136,2024,16,844,4.0,5,1.0,4.471362391113007,4.551319265296197,5.527937867886487
1136,2024,16,846,1.0,1,3.0,2.322317741891532,2.409194657341633,2.484722155358318
1136,2024,16,847,3.0,6,7.0,4.199940360650937,4.222356015907786,6.3047236385924705
1136,2024,16,848,9.0,17,9.0,11.91366261141584,11.788533780952191,15.060594857561725
1136,2024,16,855,20.0,19,18.0,16.289615798143526,16.26466256656148,15.867981674704046
1136,2024,16,857,2.0,4,2.0,3.64803635204023,3.797898217399905,5.008748688155963
1136,2024,16,861,18.0,14,12.0,14.022479231032491,14.272827851648202,13.211693621021736
1137,2024,17,1,7.0,3,9.0,5.3053185674573236,5.379576239885541,4.379848354657298
1137,2024,17,4,8.0,9,6.0,9.463861969984684,9.374905080496205,9.85364565527055
1137,2024,17,807,13.0,13,11.0,11.559834486008574,11.750133755678483,11.734092497706248
1137,2024,17,815,4.0,8,17.0,6.023040825666549,5.997152938809932,8.51119092523239
1137,2024,17,817,15.0,12,13.0,12.484318875626707,12.49905677351632,11.682945270590597
1137,2024,17,822,17.0,18,16.0,15.687367055706941,15.641233764592547,15.924141969627039
1137,2024,17,830,6.0,4,5.0,4.662533526488837,4.784116974308979,4.44745379038166
1137,2024,17,832,3.0,6,18.0,4.257572229408217,4.4137796267819756,6.395093510102072
1137,2024,17,839,19.0,17,15.0,14.950005586020666,14.790875583964173,14.461256183464862
1137,2024,17,840,14.0,10,19.0,11.17480077169107,11.387980296422107,10.132574045105862
1137,2024,17,842,20.0,14,12.0,14.72966327106549,14.728656843643403,12.840351736375009
1137,2024,17,844,1.0,5,2.0,3.187235057870369,3.3294847050049565,5.404759144113074
1137,2024,17,846,16.0,1,4.0,7.697496046194779,7.775972416415758,2.635340624830384
1137,2024,17,847,5.0,7,3.0,4.8389375544647795,4.787502880854312,6.683283736151682
1137,2024,17,848,10.0,15,7.0,11.288464266420394,11.406941294406218,13.541896397309763
1137,2024,17,855,18.0,19,14.0,15.644716117630843,15.624044304025615,16.0400456492393
1137,2024,17,857,2.0,2,1.0,3.220519066183435,2.817944150651364,3.353325666847784
1137,2024,17,860,11.0,11,10.0,10.844358036471514,10.951871883449527,11.363812147506595
1137,2024,17,861,9.0,16,8.0,11.16068468071261,11.222910270239128,14.41885588252444
1138,2024,18,1,3.0,5,6.0,4.160166720128821,4.271714536549879,5.716485689301054
1138,2024,18,4,7.0,9,8.0,9.028046205175922,8.893345447761696,9.52383697024315
1138,2024,18,807,6.0,11,9.0,9.18462920878795,9.164369461813397,10.76536135104103
1138,2024,18,815,13.0,8,10.0,9.558069249576931,9.723267579461018,8.739344772415151
1138,2024,18,817,16.0,14,18.0,12.941434562099492,13.108837393215524,12.888106323306248
1138,2024,18,822,19.0,18,16.0,16.22440809474886,16.1423927810781,15.877345336522165
1138,2024,18,825,14.0,16,19.0,12.503423689178877,12.78177217733954,13.787222682467291
1138,2024,18,830,2.0,4,2.0,3.6414469909095377,3.5069594002189337,4.455073353126713
1138,2024,18,832,10.0,7,7.0,7.193412488106489,7.109412680537468,7.0247361301251985
1138,2024,18,839,15.0,17,13.0,13.399703569103263,13.3451784883975,14.66346475006278
1138,2024,18,840,17.0,10,14.0,12.526375494268063,12.700614404655482,10.145477073096734
1138,2024,18,842,18.0,13,17.0,13.750248981346623,13.818933291100006,12.19927172498133
1138,2024,18,844,9.0,3,5.0,6.501363117493325,6.461363370977963,4.574952119771998
1138,2024,18,846,1.0,2,1.0,2.5176726346818183,2.479209385145203,3.350742132907304
1138,2024,18,847,4.0,6,4.0,4.400864267154904,4.536060940888982,5.921729440369392
1138,2024,18,852,8.0,15,12.0,9.99047650450062,9.879464772579013,12.888819718823203
1138,2024,18,855,20.0,19,15.0,16.481248633920433,16.43982800948368,16.055523383184763
1138,2024,18,857,5.0,1,3.0,3.6361233801305604,3.700497207199434,2.749923929854323
1138,2024,18,861,12.0,12,11.0,11.528161402531252,11.632766997938404,11.966299850399537
1139,2024,19,4,8.0,8,13.0,9.283389319696466,9.223310422059665,9.116995416332582
1139,2024,19,807,12.0,12,8.0,10.957879084559384,11.147776989359942,11.21798521936324
1139,2024,19,815,10.0,7,7.0,8.597978318527113,8.726260896932652,8.409164361023858
1139,2024,19,822,18.0,18,17.0,15.826494333809041,15.732448703264371,15.889315535232182
1139,2024,19,825,9.0,15,11.0,10.647572848080033,10.611358941641626,12.854966650494067
1139,2024,19,830,2.0,3,3.0,3.2489258265021315,3.227903185098363,3.684566634249154
1139,2024,19,832,3.0,6,2.0,4.783922634696554,4.831652060951889,6.686335054592427
1139,2024,19,839,13.0,17,18.0,12.391181128601325,12.67265838005293,14.730381406097848
1139,2024,19,840,14.0,9,15.0,11.384636373849956,11.54388876187687,9.511978636471826
1139,2024,19,842,7.0,13,12.0,9.658633991526106,9.705943521339432,11.918204033941763
1139,2024,19,844,4.0,4,1.0,4.671619219795154,4.834719237949562,5.190818935362007
1139,2024,19,846,1.0,1,4.0,2.392477345757487,2.356963880721211,2.62129629879969
1139,2024,19,847,6.0,5,6.0,5.666775690306164,5.301400391515537,5.581827161761118
1139,2024,19,848,16.0,10,16.0,13.078070357690196,13.034980689383351,10.8405597575283
1139,2024,19,852,11.0,14,14.0,11.292714357063037,11.32062032942043,12.500021082840707
1139,2024,19,855,20.0,19,19.0,16.459162621693178,16.452530227951144,16.14437862986108
1139,2024,19,857,5.0,2,5.0,3.752542972164738,3.7861892946716145,3.3545851104250257
1139,2024,19,859,15.0,16,9.0,13.224820602714626,13.298146764077924,14.282308893464775
1139,2024,19,861,17.0,11,10.0,13.333440743687067,13.272678125889412,11.442713890181624
1140,2024,20,1,6.0,5,4.0,5.424796623701342,5.476354163435834,5.932459385465474
1140,2024,20,807,10.0,9,9.0,10.10746874610256,10.243485287454401,9.710084900921105
1140,2024,20,815,18.0,8,17.0,11.35103061079353,11.50906999063108,8.96991902241514
1140,2024,20,822,15.0,16,14.0,15.073087306017731,14.949452615570564,14.90297700859869
1140,2024,20,825,7.0,12,7.0,9.717612997119005,9.726922284116638,11.348835358931176
1140,2024,20,830,2.0,3,6.0,3.3857577890776813,3.1009220126344195,3.4830345093393484
1140,2024,20,832,1.0,6,1.0,3.7875125592765633,3.8236882934888614,6.437698116266169
1140,2024,20,839,19.0,15,13.0,14.743108800882041,15.023762295425895,13.719547774824171
1140,2024,20,840,14.0,11,11.0,11.99487712449057,11.944295878349973,10.619198782727366
1140,2024,20,842,8.0,13,10.0,10.643893244487378,10.461285695783088,12.264224363700738
1140,2024,20,844,4.0,4,3.0,4.27565650036869,4.483164053833922,4.822122856399057
1140,2024,20,846,3.0,1,2.0,3.6269498581536244,3.2197684203391628,2.657230658147757
1140,2024,20,847,5.0,7,5.0,5.24225288965553,5.34111559536673,6.7699267558671705
1140,2024,20,855,20.0,17,15.0,16.601820628771726,16.720485058885433,15.226954498129635
1140,2024,20,857,17.0,2,8.0,8.028021601255459,8.091201335094414,3.367186078268068
1140,2024,20,859,12.0,14,16.0,12.052683283343734,12.09083729877321,13.2151746213379
1140,2024,20,861,16.0,10,12.0,12.33100452939175,12.520111835152047,10.586177525371586
1141,2024,21,1,16.0,5,10.0,8.845923573861048,9.06653251190669,5.949471014944255
1141,2024,21,4,9.0,9,14.0,10.281791485613335,9.868108431750056,9.682027846421741
1141,2024,21,815,13.0,7,11.0,10.359111279759912,10.215950162777457,8.595835742571525
1141,2024,21,822,11.0,14,13.0,13.424721710006615,13.286989716300239,13.97595606569934
1141,2024,21,830,12.0,4,1.0,7.296346827815069,7.257869218039771,4.324464129059384
1141,2024,21,839,4.0,13,2.0,9.909504978797793,9.806560927853642,12.854113690054565
1141,2024,21,842,15.0,10,3.0,12.49315792567546,12.917083780628946,10.724743541405433
1141,2024,21,844,6.0,3,5.0,5.299843635307067,4.956599422801572,4.04839617535683
1141,2024,21,846,1.0,1,6.0,2.6893128550424867,2.585704839603731,2.7171193634544304
1141,2024,21,847,2.0,6,4.0,4.420810246555964,4.196880165767529,6.314265794409201
1141,2024,21,852,3.0,11,7.0,8.355650443900736,8.610891623971426,11.067314694224828
1141,2024,21,855,20.0,15,15.0,16.44613288721455,16.658762997061906,14.352817415199073
1141,2024,21,857,8.0,2,8.0,5.030834220832726,5.013163493974603,3.2871811475920047
1141,2024,21,859,5.0,12,9.0,9.604133982229278,9.821046501232962,12.33735017731799
1141,2024,21,860,17.0,8,12.0,12.434845807778071,12.2616840316574,9.206774397446646
1142,2024,22,1,10.0,7,2.0,8.482846429169683,7.054912149582224,6.984175478501807
1142,2024,22,4,17.0,9,11.0,12.628439848220154,12.462004675643414,9.497534077385092
1142,2024,22,807,9.0,10,8.0,9.880958054812812,9.947913743998338,10.22340369941088
1142,2024,22,815,16.0,8,10.0,11.303814073103158,11.330898717998396,9.361308274945277
1142,2024,22,822,19.0,17,18.0,15.84259337912734,15.973673672221038,15.114098082898124
1142,2024,22,825,12.0,13,12.0,11.095108934999578,11.239858743099276,11.936440427346575
1142,2024,22,830,5.0,3,5.0,4.661250786266395,4.490001943327189,3.5698009489523645
1142,2024,22,832,2.0,5,3.0,3.8480076822677436,3.8851065917750063,5.705897969277419
1142,2024,22,839,11.0,12,17.0,10.872598922003279,11.176935166763872,11.8430956027521
1142,2024,22,840,20.0,14,15.0,14.232031650242323,14.119236393940245,12.568402381179723
1142,2024,22,844,4.0,2,4.0,3.991767747766014,4.104805272185365,3.676187312587513
1142,2024,22,846,6.0,1,6.0,4.141593348348493,4.026339985009432,2.3697003611691745
1142,2024,22,847,1.0,6,1.0,3.999432585998406,4.001012602827167,6.426092282288366
1142,2024,22,852,7.0,15,9.0,9.789584251032284,9.7905858659365,12.950986062029466
1142,2024,22,855,13.0,18,13.0,14.069814472114873,14.024317543221454,15.751109535487817
1142,2024,22,857,8.0,4,7.0,5.4363021175747726,5.3448595278220505,4.649610213415135
1142,2024,22,859,15.0,16,16.0,12.785045763527059,13.043516258735345,14.185427580275055
1142,2024,22,861,14.0,11,14.0,12.020525996213996,11.958878617673188,11.266950949020138
1143,2024,23,1,6.0,7,12.0,5.38012138851873,5.51952442595434,7.0957550874983735
1143,2024,23,4,8.0,8,7.0,9.236185287612653,9.165880765716295,9.023272363922608
1143,2024,23,822,13.0,14,11.0,13.73024841376494,13.844165992434604,13.847334662343972
1143,2024,23,825,10.0,11,9.0,10.77627148517908,10.572477307659977,11.021375287796454
1143,2024,23,830,1.0,3,1.0,2.901360672613933,2.9631787828039897,3.502448673523509
1143,2024,23,832,7.0,4,6.0,5.80357457804698,5.809748015367455,5.467242012589549
1143,2024,23,842,11.0,9,5.0,10.950564332806954,10.734862116505656,9.732301311814606
1143,2024,23,844,5.0,1,2.0,3.8289554379757176,3.7726095399468615,2.6068303870908176
1143,2024,23,846,3.0,2,10.0,3.1679403599945672,3.2280337893803903,3.064437456497868
1143,2024,23,847,2.0,6,4.0,3.915800756441957,4.007846949281122,6.092330940235537
1143,2024,23,848,16.0,10,15.0,12.228229633799723,12.147712915411377,9.660779287644505
1143,2024,23,852,14.0,12,13.0,12.275002727115206,12.263207729827379,11.543214857311794
1143,2024,23,855,12.0,15,8.0,13.422684964229376,13.507052292493237,14.295420409812333
1143,2024,23,857,4.0,5,3.0,4.09720802667405,4.105020180148367,5.543075219377782
1143,2024,23,859,17.0,13,14.0,13.734785915948045,13.750932390363094,12.336172505004154
1144,2024,24,1,18.0,7,4.0,10.171125773601375,10.241624364928294,7.2141900869203575
1144,2024,24,4,8.0,9,9.0,8.916414095638704,8.916490609025502,9.27582279581976
1144,2024,24,807,4.0,10,8.0,7.9892773917460325,7.957464846335492,10.300899024245014
1144,2024,24,825,15.0,12,16.0,11.951022118067833,12.251758224834305,11.475977426386716
1144,2024,24,830,5.0,2,6.0,3.9972615817883232,4.013643712506333,2.674358144830844
1144,2024,24,832,3.0,4,2.0,4.725505681531866,4.4503980083961405,5.506434844716807
1144,2024,24,840,13.0,15,14.0,12.016067152880364,12.150089321524801,13.3688894917109
1144,2024,24,842,6.0,8,7.0,8.950704962429478,8.742492644579038,9.34431096123009
1144,2024,24,844,14.0,1,3.0,6.774381368829147,6.864767752201692,2.454774061287436
1144,2024,24,846,1.0,3,1.0,2.829678260322141,2.96822334472256,3.9151516742006898
1144,2024,24,847,7.0,5,5.0,6.063005864335944,5.7883231711779,5.499445025530349
1144,2024,24,848,16.0,14,11.0,12.887386661649746,12.818815152668105,12.293966613837462
1144,2024,24,852,11.0,13,12.0,11.145421837670892,11.257753386994327,12.273448119781827
1144,2024,24,855,17.0,17,13.0,14.443463197448533,14.718741728972027,14.845648662008882
1144,2024,24,857,2.0,6,10.0,3.500318035660774,3.598854249517638,5.95060876958512
1144,2024,24,859,12.0,16,17.0,11.902020442419046,11.9659528107159,14.204852252991888
1144,2024,24,862,20.0,11,15.0,13.217838384830484,13.414258383927884,10.780965760933947
1145,2025,1,1,8.0,5,10.0,5.864081774858352,5.789562787990598,5.561894015037381
1145,2025,1,807,17.0,11,7.0,12.929158891337522,12.932011596734565,10.765929570979308
1145,2025,1,830,3.0,2,2.0,4.629434191094042,4.279945343444464,4.359335889134996
1145,2025,1,839,19.0,10,13.0,13.69763593996666,13.480925167762026,10.307003070562939
1145,2025,1,840,13.0,14,6.0,12.328918497610786,12.289645838660496,13.15148676186279
1145,2025,1,842,9.0,8,11.0,9.398009485530274,9.259861198843891,9.00984769453361
1145,2025,1,844,7.0,1,8.0,4.751223937934215,4.64658326356753,3.0623540771597195
1145,2025,1,846,1.0,4,1.0,3.082246514969583,3.2371322633595696,5.0162519003090775
1145,2025,1,847,4.0,3,3.0,4.819682084463532,4.508141182631806,4.469524418892959
1145,2025,1,848,6.0,13,5.0,9.095243132664418,9.129018168232502,12.093784586206503
1145,2025,1,852,5.0,12,12.0,8.732775818984203,8.738094812088963,11.517566632940516
1145,2025,1,857,2.0,6,9.0,3.5379112385172506,3.683902232692459,6.170619203833274
1145,2025,1,860,20.0,9,14.0,13.399101380416806,13.181476729639153,9.576154451434771
1145,2025,1,863,16.0,7,4.0,9.67808639117122,9.809759991238273,7.23981655424913
1146,2025,2,807,12.0,9,15.0,11.039634309305171,10.9139686022049,9.851288353844117
1146,2025,2,830,4.0,1,4.0,4.802693018796169,4.417518373609733,3.7993385511060245
1146,2025,2,832,15.0,6,10.0,11.58317710761731,11.701155758556004,8.339830617565735
1146,2025,2,839,11.0,16,5.0,11.757929402213975,11.672964783338415,14.17431341695033
1146,2025,2,840,14.0,12,9.0,12.478516308205755,12.517212694693463,12.013542242031729
1146,2025,2,846,3.0,3,2.0,3.582493038956205,3.7741598509188563,4.176431072009092
1146,2025,2,847,2.0,2,3.0,3.651260730336176,3.569039566838036,3.8671172655784334
1146,2025,2,848,10.0,11,7.0,10.359649275131462,10.25248685714336,10.960484402083548
1146,2025,2,852,9.0,14,16.0,10.067260636440787,10.260093109716488,12.66573488538651
1146,2025,2,857,1.0,5,1.0,3.6119118581850786,3.601947348942314,5.877414463989842
1146,2025,2,859,20.0,7,12.0,12.468282547170542,12.537780680739218,8.40971758766619
1146,2025,2,860,17.0,13,8.0,13.024626537671999,13.118859918500217,12.234556164975062
1146,2025,2,862,18.0,15,13.0,13.219119589559215,13.130591224603673,12.701564365050041
1146,2025,2,863,8.0,4,6.0,5.7147269963983724,5.796584817105449,5.131703487211278
1146,2025,2,866,19.0,8,14.0,12.019701521677728,12.160661642285362,7.858373093854441
1146,2025,2,872,7.0,10,11.0,7.769216670825955,7.979872299572854,9.165755452713872
1147,2025,3,1,8.0,7,7.0,6.944722500881312,7.101483625497616,7.558726212774758
1147,2025,3,4,13.0,11,11.0,11.279673541886456,11.016094138973338,10.84822118421815
1147,2025,3,807,16.0,14,16.0,12.34797724050826,12.285528791930913,12.01221719670854
1147,2025,3,830,1.0,3,1.0,3.5533264119640577,3.3276176784110483,4.886713335229467
1147,2025,3,832,12.0,8,14.0,10.424425775167279,10.505582667106168,9.34659956994796
1147,2025,3,839,18.0,12,18.0,13.45334272602901,13.584115235347415,11.660643774772819
1147,2025,3,840,20.0,15,20.0,14.39008948970465,14.447846515291948,13.325015945974478
1147,2025,3,842,11.0,16,13.0,11.326169404089129,11.177414850555266,13.702417303534062
1147,2025,3,844,4.0,5,4.0,4.79766799163989,4.813519375587127,6.111467802184956
1147,2025,3,846,2.0,1,2.0,3.016819256750839,3.114693538160118,2.9941923096956504
1147,2025,3,847,5.0,2,5.0,4.544385491673808,4.555780399173524,3.7737463078031306
1147,2025,3,848,9.0,10,9.0,9.500999883117027,9.484806767275213,10.31612238654604
1147,2025,3,852,15.0,9,12.0,10.512392420018323,10.688333921406132,9.269115471164854
1147,2025,3,857,3.0,4,3.0,4.003210385641205,4.0728045163293505,5.146689811622474
1147,2025,3,859,14.0,20,17.0,12.68776054492738,12.943229432527847,16.0660654969122
1147,2025,3,860,10.0,13,10.0,10.11529011747756,9.842757039889854,11.80795046883281
1147,2025,3,862,19.0,19,15.0,14.220567949614196,14.354759915902875,15.320436470641287
1147,2025,3,863,6.0,6,6.0,5.192832966878763,5.15581907619639,6.172303122028342
1147,2025,3,866,17.0,18,19.0,13.227247515077249,13.167715830087774,14.304069927999683
1147,2025,3,872,7.0,17,8.0,9.276348232981647,9.2874618550406,13.713671742740775
1148,2025,4,1,9.0,7,5.0,7.1855567753519844,7.292576549600457,7.45681416610757
1148,2025,4,4,13.0,10,15.0,11.678300514921366,11.485613001196018,10.728894643204562
1148,2025,4,830,7.0,2,6.0,5.516515790938874,5.481912511263626,4.060155655308039
1148,2025,4,839,14.0,13,8.0,12.350476337608972,12.102850670013265,12.114282776308947
1148,2025,4,840,19.0,12,17.0,14.238753078611056,14.292584154459734,12.00808249918979
1148,2025,4,842,5.0,11,7.0,8.76851849571399,8.83151549198173,11.315412581353351
1148,2025,4,844,3.0,5,4.0,4.576124430460087,4.506429552261075,6.047260337555865
1148,2025,4,846,6.0,1,3.0,4.457021570027401,4.615796291534471,2.901521958747397
1148,2025,4,847,2.0,3,2.0,3.796590444137858,3.8623361599307398,4.605056023614694
1148,2025,4,848,15.0,9,12.0,11.934027808046816,12.123132082167118,9.963424182872949
1148,2025,4,852,10.0,8,9.0,9.070431801146603,8.898007201599492,8.971583535185662
1148,2025,4,857,1.0,4,1.0,3.1898436731076947,3.097721557593731,4.907751236281257
1148,2025,4,859,17.0,17,16.0,14.003352304193395,14.077806011399813,14.641150920818529
1148,2025,4,860,20.0,14,10.0,13.853094941240641,13.806400071896515,12.334047798984823
1148,2025,4,862,11.0,16,14.0,11.102308661215101,11.404785912748345,14.051816900574561
1148,2025,4,863,4.0,6,11.0,4.621174152741738,4.710339221771893,6.383302378558682
1148,2025,4,866,18.0,18,18.0,14.519849458729599,14.455344094553945,15.045097438876866
1148,2025,4,872,12.0,15,13.0,10.984322583153409,10.959503229261298,12.61068192465765
1149,2025,5,1,7.0,6,7.0,6.452998378792799,6.544352350000827,6.923961068665441
1149,2025,5,4,13.0,12,11.0,11.987102433876688,11.873220358145513,11.820740627091102
1149,2025,5,807,18.0,13,15.0,13.877370724514002,13.765232116829921,11.877039048080492
1149,2025,5,830,1.0,4,2.0,3.455678054706783,3.4712567302337636,5.292013984859054
1149,2025,5,832,6.0,8,8.0,7.508589011762032,7.409219373648506,8.867149834282335
1149,2025,5,839,19.0,11,14.0,13.890601716959864,13.837134476292517,11.050360704690563
1149,2025,5,840,16.0,15,16.0,13.408960316865288,13.447171880743717,13.521529898300209
1149,2025,5,844,4.0,5,3.0,4.591687056195509,4.606292280947849,5.895309851607423
1149,2025,5,846,10.0,1,4.0,5.859645284816027,5.996801248025619,2.77322396176912
1149,2025,5,847,3.0,2,5.0,3.739425591890404,3.7776828251673935,3.8602634703699774
1149,2025,5,848,11.0,9,9.0,10.476959738842133,10.72761386374117,10.189715982961227
1149,2025,5,857,2.0,3,1.0,3.32922982916216,3.1126822746329594,4.026362263561615
1149,2025,5,859,12.0,17,12.0,12.18366263568606,12.191924988103473,14.617130282339186
1149,2025,5,860,15.0,10,13.0,12.043283141911658,11.813002018629835,10.324787669187003
1149,2025,5,862,17.0,16,17.0,13.807766274820684,13.941298047744677,14.1606994073984
1149,2025,5,863,5.0,7,6.0,5.34437617045499,5.386277535486738,7.143678388612379
1149,2025,5,866,20.0,18,18.0,16.08741600508075,15.980477862141822,15.536196865881228
1149,2025,5,872,14.0,14,10.0,12.034559517945953,12.188624158358273,12.506915987248782
1150,2025,6,1,12.0,7,8.0,8.64114204053861,8.664631932328943,7.680174452778003
1150,2025,6,4,17.0,13,15.0,13.457061951138233,13.27317720636055,12.146979737594382
1150,2025,6,807,16.0,16,14.0,13.065156929992881,13.178117785056523,13.352120541558822
1150,2025,6,830,1.0,3,4.0,3.365283595149558,3.2753052095887067,4.6621219606416116
1150,2025,6,832,6.0,8,9.0,7.117292081018576,7.132891108929153,8.72276940306885
1150,2025,6,839,9.0,12,12.0,10.42526242574553,10.162253258523556,11.620084481147796
1150,2025,6,840,19.0,15,16.0,14.853886658380713,14.8056842295384,13.627519724335233
1150,2025,6,842,18.0,11,13.0,12.92025454879882,12.996455585890395,10.534548999950461
1150,2025,6,844,8.0,5,7.0,6.37320224463085,6.26128687848035,5.967948973647325
1150,2025,6,846,2.0,1,2.0,2.7442806702573597,2.685455903843816,2.7338945803226355
1150,2025,6,847,5.0,4,3.0,4.373135750318476,4.476363759775018,4.719925234607933
1150,2025,6,848,7.0,10,5.0,8.673428230079509,8.836241148786687,10.368201243634944
1150,2025,6,852,10.0,9,10.0,8.749795626660392,8.835521612928243,9.395151082618534
1150,2025,6,857,4.0,2,1.0,3.754232399740169,3.8086942178106113,3.2771365976046303
1150,2025,6,863,3.0,6,6.0,4.569823491645597,4.535002084202613,6.50319516441773
1150,2025,6,872,11.0,14,11.0,10.890472763864578,10.89349662481633,12.480208982967728
1151,2025,7,1,12.0,6,4.0,8.972099692100329,8.856134543127268,7.359209652114895
1151,2025,7,4,5.0,14,11.0,9.218857103077688,9.311110510880736,12.812676957305642
1151,2025,7,807,17.0,16,12.0,13.768322973578368,13.882056956024519,13.550040633121176
1151,2025,7,830,2.0,4,1.0,4.1397966920006795,3.7864972764528444,5.167833287938942
1151,2025,7,832,6.0,7,8.0,7.3886242330772305,7.4421013891039856,8.353849646294389
1151,2025,7,840,8.0,15,15.0,10.586985322526509,10.850168579394436,13.65180745191826
1151,2025,7,842,10.0,10,13.0,10.31758524099519,10.264116101728062,10.21794657530934
1151,2025,7,844,11.0,5,6.0,7.682371212635565,7.567143961595002,6.065763918713756
1151,2025,7,846,4.0,2,2.0,3.2680062437947504,3.3196528974474706,3.272205795059959
1151,2025,7,847,3.0,3,7.0,3.8062911686102305,3.601394517030114,4.154505622074925
1151,2025,7,848,7.0,8,5.0,8.439195675532465,8.60347290105739,9.194500415898098
1151,2025,7,852,20.0,9,10.0,12.924107929670772,13.072843554727918,9.729772772392257
1151,2025,7,857,1.0,1,3.0,2.186680050358782,2.1917042482627878,2.6303447119580596
1151,2025,7,859,16.0,17,14.0,13.32361870264209,13.551648018012855,14.534558564933072
1151,2025,7,860,16.0,11,17.0,12.601763137649709,12.451431262656124,11.00073661981387
1151,2025,7,861,15.0,13,16.0,12.612318679667633,12.766427793908983,12.233040839920918
1151,2025,7,866,14.0,18,18.0,14.359529165262892,14.25702429744205,15.752009116769578
1151,2025,7,872,9.0,12,9.0,10.261102414785041,10.187273514722062,11.593522366132564
1152,2025,8,1,4.0,6,5.0,5.338812531475912,5.50236837119081,6.9412537086613355
1152,2025,8,807,13.0,17,16.0,12.862038278079837,12.818970851433576,14.38875700108756
1152,2025,8,830,5.0,3,4.0,4.964667313479043,4.871251701388687,4.405380667358557
1152,2025,8,832,11.0,8,10.0,9.456652397240859,9.407652803286137,8.883427449588194
1152,2025,8,839,8.0,11,7.0,9.90958194615652,9.742023509656649,10.976230573447094
1152,2025,8,840,19.0,16,15.0,14.849890049773451,15.184412933285788,14.072686502936408
1152,2025,8,844,2.0,5,2.0,3.7430000903200584,3.858985021766795,5.74492971859317
1152,2025,8,846,1.0,2,1.0,2.2024611069286824,2.190751554481242,3.239899032791767
1152,2025,8,847,14.0,4,11.0,8.472270796148422,8.315586692747884,5.012824577589444
1152,2025,8,848,10.0,9,9.0,9.372935072217164,9.36645799100638,9.38945714700279
1152,2025,8,852,12.0,10,17.0,10.502976850441485,10.426276570784015,10.504791482118613
1152,2025,8,857,3.0,1,3.0,2.847896143194583,2.9572631651083636,2.671901764498534
1152,2025,8,859,9.0,15,8.0,10.575518317660501,10.752858103172452,13.473707915582105
1152,2025,8,860,17.0,13,12.0,13.182027272163584,13.399591650346856,12.240652507837389
1152,2025,8,861,20.0,14,13.0,14.84496927741263,14.8102520327741,12.795673432884492
1152,2025,8,863,15.0,7,18.0,9.295754237353606,9.135203381314167,7.02696283047847
1152,2025,8,866,16.0,18,14.0,14.916357917460843,15.045841156464501,15.77638835908764
1152,2025,8,872,6.0,12,6.0,8.616021718605309,8.727826858964804,11.384461212555433
1153,2025,9,1,5.0,6,6.0,5.91423537491896,5.9289482981229895,7.028958022295788
1153,2025,9,4,10.0,14,9.0,11.14850107224081,11.271192316568161,12.77441805142903
1153,2025,9,807,16.0,16,5.0,13.968704260818527,14.170322094184984,14.123801011465336
1153,2025,9,830,3.0,3,10.0,4.567323451645844,4.2076639102508455,4.50630736726337
1153,2025,9,832,18.0,7,14.0,12.349291089768549,12.415837833141355,8.62758334121726
1153,2025,9,839,17.0,10,16.0,13.45371152323792,13.506675638699598,10.733727440062454
1153,2025,9,842,8.0,11,8.0,10.42066884793293,10.294186275832347,11.327174673767585
1153,2025,9,844,7.0,4,3.0,5.609861374106454,5.714869474921024,5.104286571738197
1153,2025,9,846,2.0,1,2.0,2.2801236690330136,2.337173389704178,2.4734898478896987
1153,2025,9,847,4.0,5,4.0,5.2329003425050535,5.327402682961212,6.000807991275467
1153,2025,9,852,20.0,8,13.0,13.65190227983762,13.78670497125392,9.786394615625223
1153,2025,9,857,1.0,2,1.0,2.0980834216185604,2.1390435508268917,3.0494546729102474
1153,2025,9,859,13.0,13,11.0,11.80014779154426,11.870064133714914,12.296258690968365
1153,2025,9,860,15.0,12,17.0,12.677526578364269,12.50028087835693,11.741150066460177
1153,2025,9,861,19.0,15,15.0,14.19364842215756,14.47640807293783,13.337215182973221
1153,2025,9,866,12.0,17,12.0,13.475564163456585,13.392779312311925,15.27222839363489
1153,2025,9,872,9.0,9,7.0,9.308172220802266,9.305750225485308,9.561411804551712
1154,2025,10,1,5.0,5,6.0,5.540123014604666,5.46279573540331,6.175752687594508
1154,2025,10,4,6.0,13,7.0,9.577630185628205,9.4181160100824,12.263446843207877
1154,2025,10,807,13.0,14,8.0,12.539246009436471,12.473152161323977,12.938071927195939
1154,2025,10,830,2.0,4,2.0,4.215886938055515,4.1736875146347305,5.204076770518881
1154,2025,10,832,17.0,8,10.0,12.096989902804337,12.184939694895418,9.196426008368336
1154,2025,10,839,15.0,11,9.0,12.654447530768312,12.648701956623787,10.989961049606924
1154,2025,10,840,18.0,16,17.0,14.251711965954282,14.619478342991707,14.221911784464094
1154,2025,10,842,20.0,12,15.0,14.559594778137013,14.819770922723286,11.682410322692075
1154,2025,10,844,8.0,3,5.0,5.8275080249087505,5.888638736186256,4.445345637135149
1154,2025,10,846,7.0,1,18.0,3.9244131869353396,3.910541218768783,2.2312935554574578
1154,2025,10,847,1.0,6,1.0,3.7927208784843707,3.9313328611534386,6.4720260449996205
1154,2025,10,852,11.0,10,12.0,10.353689640397867,10.413965550219832,10.719080860987432
1154,2025,10,857,3.0,2,4.0,2.884978254208036,2.7763780075159756,2.992773400257178
1154,2025,10,860,14.0,15,11.0,12.534248024579835,12.40540885398384,13.194257356742167
1154,2025,10,861,12.0,17,13.0,12.360576923269932,12.124847484720709,14.499147567737062
1154,2025,10,863,4.0,7,3.0,5.793522056779729,5.979619833132229,7.878099804077561
1154,2025,10,866,16.0,18,14.0,14.377875881365458,14.443624176095918,15.589470462227062
1154,2025,10,872,9.0,9,16.0,9.231897353294436,9.020978220530187,9.413103445876995
1155,2025,11,1,4.0,5,4.0,5.329471613194434,5.4804288232849245,6.445623152493022
1155,2025,11,4,11.0,9,7.0,11.456079933172111,11.356999659970121,10.208397442899386
1155,2025,11,807,20.0,10,9.0,14.432197808212095,14.783221361160443,10.809363598493533
1155,2025,11,839,17.0,8,10.0,13.483662322575839,13.55729976681267,9.729600021605629
1155,2025,11,840,16.0,14,14.0,14.088922524845769,14.283829555039985,13.569391190937992
1155,2025,11,842,10.0,12,13.0,11.271565887951413,11.28881688288892,11.927838935687912
1155,2025,11,844,2.0,3,3.0,3.8314143948894177,3.9265868351040982,4.652010380711339
1155,2025,11,846,1.0,2,1.0,2.7064350046821506,2.7114599058387245,3.543644180663705
1155,2025,11,847,5.0,4,5.0,5.268152884112142,5.210657793245735,5.148144084999686
1155,2025,11,852,18.0,7,16.0,13.4239485480439,13.49069790762025,9.447951214347624
1155,2025,11,857,3.0,1,2.0,2.882853980857088,2.9851888239808737,2.587477563589071
1155,2025,11,859,6.0,11,6.0,9.142317696961818,9.056501758341515,11.188618595573146
1155,2025,11,860,15.0,13,11.0,12.82832300923125,12.59999997201171,12.13831279328468
1155,2025,11,861,14.0,15,15.0,12.779751217448622,12.863985142341537,13.576816381688786
1155,2025,11,866,8.0,16,8.0,11.381388950449013,11.078106523188266,14.472073118847572
1155,2025,11,872,13.0,6,12.0,10.862579927030495,11.04802688568365,8.28289977179902
1156,2025,12,1,5.0,4,4.0,5.465069630574112,5.476258037427272,5.703659482827954
1156,2025,12,4,9.0,9,9.0,10.439470326088706,10.335718092047356,10.202678000973215
1156,2025,12,807,19.0,10,3.0,14.311009451889205,14.303920468439062,10.786089733232464
1156,2025,12,830,1.0,6,5.0,4.22389310119857,4.222422820411541,6.149552042241529
1156,2025,12,832,11.0,8,12.0,10.840413867482226,10.73627562750115,9.777676263098838
1156,2025,12,839,15.0,11,13.0,12.496658613731821,12.708095266300784,11.179002506583972
1156,2025,12,840,18.0,15,7.0,14.562935475917646,14.756406356068245,13.91177206846037
1156,2025,12,842,10.0,13,6.0,11.403687382702556,11.239299157379298,12.322931047087941
1156,2025,12,844,6.0,3,14.0,4.99698130406814,5.068527143221134,4.361352814514429
1156,2025,12,846,3.0,2,1.0,3.365899658170206,3.400929125727851,3.465281474091862
1156,2025,12,847,4.0,5,10.0,4.868606474447356,4.891092645913303,5.6580793720727
1156,2025,12,848,14.0,7,8.0,10.928070317007041,11.030881803410221,8.479001815215536
1156,2025,12,852,12.0,12,15.0,11.362992540733115,11.54125411770687,12.005442886959742
1156,2025,12,857,2.0,1,2.0,2.319071411293617,2.33611720135547,2.5586640787010193
1156,2025,12,860,8.0,14,11.0,10.044592388581858,9.909590667610903,12.640149607581492
1157,2025,13,1,16.0,4,7.0,9.380670048352737,9.502971876157376,5.480963678336448
1157,2025,13,4,19.0,10,17.0,14.00652061171309,13.833671095072134,10.54545370683171
1157,2025,13,807,14.0,9,12.0,11.255503688280196,11.433860168169517,9.590889862664218
1157,2025,13,830,4.0,6,4.0,5.255227674902357,5.420362676903893,6.190978583252463
1157,2025,13,832,15.0,12,18.0,11.982086810973211,12.257470665465835,11.681831322100452
1157,2025,13,839,11.0,15,15.0,11.110736347949144,11.281358680978279,13.324665314887072
1157,2025,13,840,20.0,16,14.0,15.39933185231248,15.215105004705567,14.150120094511538
1157,2025,13,842,13.0,14,10.0,12.019197145392477,12.067752006531109,12.77832113055564
1157,2025,13,844,3.0,3,3.0,4.583777655713683,4.212375947013445,4.590313259156812
1157,2025,13,846,1.0,2,2.0,2.4973818150743714,2.510845191768812,3.232201757806072
1157,2025,13,847,6.0,5,5.0,6.412533403761478,6.081899477058595,6.124771072971454
1157,2025,13,848,5.0,8,6.0,7.727914500885441,7.598526654334932,8.861616079727721
1157,2025,13,852,7.0,17,13.0,9.737337576782943,9.769277947877633,14.482732473683273
1157,2025,13,857,2.0,1,1.0,2.209313626915108,2.260488389552391,2.5363880597463897
1157,2025,13,859,9.0,13,8.0,9.9817294623308,10.081937721877742,12.108085197158164
1157,2025,13,860,12.0,19,11.0,11.41618515099902,11.54580343732776,15.27439103787822
1157,2025,13,861,17.0,20,19.0,13.783717145485976,13.796061120676734,15.884919534246825
1157,2025,13,863,18.0,7,16.0,10.708130451123006,10.790415625749157,7.368929373231781
1157,2025,13,866,10.0,18,9.0,11.161459889680978,10.918147313870588,15.0474031729199
1157,2025,13,872,8.0,11,20.0,9.170521067988657,9.232418739080032,10.895889088147458
1158,2025,14,1,12.0,4,12.0,7.944356450454344,8.122200265699677,5.615507121677108
1158,2025,14,4,5.0,10,5.0,8.386211811540173,8.620392505032678,10.589819303533705
1158,2025,14,807,19.0,8,13.0,12.911829181856994,13.18582742646948,9.134786957808963
1158,2025,14,830,8.0,6,9.0,7.033345790320377,6.940615107205224,6.148754854365958
1158,2025,14,832,13.0,11,14.0,12.137499704210349,11.798475102105048,11.349322754194443
1158,2025,14,839,18.0,15,16.0,13.597824156703632,13.827219921933462,13.112093194101725
1158,2025,14,840,6.0,18,7.0,9.749483196643308,9.998778143124778,15.213114731335784
1158,2025,14,842,17.0,13,19.0,13.145574203884687,13.283853968159741,12.075429218698511
1158,2025,14,844,1.0,3,4.0,3.5893169582831375,3.382093721130474,4.535523795484598
1158,2025,14,846,3.0,2,1.0,2.9627605174187766,2.9961126058370517,3.098540887475509
1158,2025,14,847,4.0,5,3.0,5.597034257748813,5.409269059095321,6.102491804153027
1158,2025,14,848,20.0,9,15.0,13.344284247932492,13.475728469774202,9.306283857595586
1158,2025,14,852,16.0,17,17.0,13.311553196618423,13.32395885730897,14.690054247411023
1158,2025,14,857,2.0,1,2.0,2.205406492505414,2.2287578710034968,2.4124568131761546
1158,2025,14,859,9.0,12,8.0,9.946198236502092,10.067732215570862,11.467262476356796
1158,2025,14,861,14.0,19,18.0,13.072148265504348,12.940382788545213,15.645597333368048
1158,2025,14,863,15.0,7,10.0,10.51435159774779,10.639312105709948,8.333340394596984
1158,2025,14,866,7.0,14,6.0,9.541441091040358,9.22185978087876,12.759994782573159
1158,2025,14,872,10.0,16,11.0,10.288672099968306,10.406313335658806,13.480700438038056
1159,2025,15,4,10.0,8,8.0,10.089106403777215,9.85465428969203,9.133650361095215
1159,2025,15,807,17.0,7,14.0,12.262602330051504,12.313640767977638,8.679797714015733
1159,2025,15,830,3.0,4,2.0,5.129360110868061,5.153689855380801,5.309653290752576
1159,2025,15,832,9.0,12,13.0,10.462488293476543,10.263983089987018,11.861508668873377
1159,2025,15,839,18.0,14,10.0,14.257788399379876,14.227070369678465,13.009610431017887
1159,2025,15,840,20.0,11,7.0,14.551837349120225,14.69824044486381,11.350774233746339
1159,2025,15,842,14.0,15,17.0,12.773060975837128,12.727001425276214,13.349828559316295
1159,2025,15,846,2.0,2,18.0,2.4265626644167018,2.50425886914305,2.986028037527543
1159,2025,15,847,5.0,3,4.0,5.832696706430811,5.769869564090021,4.997458481156208
1159,2025,15,848,15.0,6,5.0,11.031152262024962,11.160699506390541,7.477727733688144
1159,2025,15,852,12.0,16,9.0,11.905815035390212,11.968420955564376,14.232008178768037
1159,2025,15,857,1.0,1,1.0,1.8845196694483706,1.9273875511199154,2.437101933611923
1159,2025,15,859,8.0,10,12.0,9.36419859268116,9.685959350892746,10.357396014494057
1159,2025,15,860,19.0,17,6.0,14.74214371920918,14.707812734670371,14.638821975079798
1159,2025,15,861,16.0,18,11.0,14.083439617666716,14.154199903982622,15.373825867721546
1159,2025,15,863,11.0,5,16.0,9.04440340470082,9.075283342552332,7.266217584030998
1159,2025,15,866,13.0,9,15.0,11.33911345411656,11.083032349596138,9.918636599196084
1159,2025,15,872,4.0,13,3.0,7.908920690233433,8.012942126989913,11.94711157756711
1160,2025,16,1,5.0,6,6.0,5.953259138093169,6.0442757052371165,7.1410616146918215
1160,2025,16,830,1.0,5,1.0,4.10676329254562,4.195087209848772,5.503505764559809
1160,2025,16,832,13.0,13,11.0,12.084285192911363,11.913051142070103,12.462795814986293
1160,2025,16,839,15.0,14,15.0,12.723135478460081,12.844292784948475,12.842253953852687
1160,2025,16,840,17.0,11,18.0,13.18979466860529,13.339842912281242,11.24199039849087
1160,2025,16,842,19.0,17,16.0,15.054690083309868,15.052332269091014,14.580524973096523
1160,2025,16,844,4.0,3,4.0,4.768140698569151,4.826436380462166,4.8208626037129205
1160,2025,16,846,2.0,2,2.0,3.276003796503291,3.257848927994277,3.6534135388960998
1160,2025,16,847,6.0,4,5.0,6.38518327937283,6.509653055567933,5.729808884539001
1160,2025,16,848,14.0,7,7.0,10.561155182470243,10.599740787990589,7.788462881783098
1160,2025,16,852,10.0,16,13.0,10.857431411367727,11.008020034531032,14.206829867107285
1160,2025,16,857,3.0,1,3.0,2.4831700521706983,2.5297299857924065,2.1588414026079397
1160,2025,16,859,20.0,9,14.0,13.57483656742722,13.53379019457703,9.542145821460423
1160,2025,16,860,11.0,15,12.0,11.330228993063322,11.282588552494285,13.347355180985879
1160,2025,16,861,18.0,18,17.0,14.950619080516049,14.840207362078141,15.227286705032654
1160,2025,16,863,7.0,8,9.0,7.961003963226549,8.005822293664698,9.036235130674388
1160,2025,16,866,8.0,12,8.0,9.408464651223401,9.387719713522154,11.495955929710389
1160,2025,16,872,16.0,10,10.0,12.143458485127624,11.952374130255276,10.121684017572402
1161,2025,17,1,12.0,5,8.0,8.693003745201764,8.696165911307931,6.609403658839099
1161,2025,17,4,11.0,7,15.0,9.777590852806544,9.793427280463295,8.193016696627206
1161,2025,17,807,17.0,8,16.0,12.283697224749584,12.291226476414913,9.02565210266574
1161,2025,17,830,1.0,2,1.0,3.2597403358201467,3.441854631135703,3.4415318726341777
1161,2025,17,832,2.0,14,3.0,8.117306675576751,7.6910521742990445,12.878562492403539
1161,2025,17,839,20.0,16,14.0,14.588652611975553,14.644861364932167,13.561216192512472
1161,2025,17,840,14.0,13,17.0,12.47870549481545,12.606528551972222,12.410514749507104
1161,2025,17,842,18.0,18,18.0,14.691496501426268,14.676663397976597,15.025640990908
1161,2025,17,844,10.0,3,9.0,7.091972471133722,7.032064413443562,4.753602153273983
1161,2025,17,846,7.0,1,7.0,5.438393593834776,5.191134396893929,3.213714645519879
1161,2025,17,847,5.0,4,2.0,5.959005818868002,6.123521708972964,5.684121768298835
1161,2025,17,848,19.0,6,13.0,12.087453462777802,12.490715741105754,7.25322890439714
1161,2025,17,852,6.0,15,6.0,9.307714750723454,9.339918308591654,13.849392311104545
1161,2025,17,859,3.0,11,5.0,7.102360485432703,7.150743624898685,10.65506458500845
1161,2025,17,860,15.0,17,12.0,13.257734788247895,13.0389694440274,14.395264248233625
1161,2025,17,861,16.0,19,19.0,14.306282653361695,14.143152321092938,15.807736677247828
1161,2025,17,863,4.0,9,4.0,7.228610128009802,7.258011462091423,9.792299122864293
1161,2025,17,866,13.0,12,11.0,11.331306993313468,11.238583098568522,11.517222362376328
1161,2025,17,872,8.0,10,10.0,8.629272202705852,8.889083896292814,10.00171942506188
1162,2025,18,1,6.0,6,8.0,6.310503191191026,6.315823697404998,7.111633977292832
1162,2025,18,4,10.0,12,7.0,9.962204027050639,9.898753576875563,10.806776434760815
1162,2025,18,807,11.0,13,20.0,10.289282044151777,10.289125315276475,11.590776973560756
1162,2025,18,830,2.0,2,2.0,3.4822599664980256,3.4298591636597875,3.0291971696161513
1162,2025,18,832,20.0,11,10.0,14.418614221073126,14.197123158912468,11.152556670940593
1162,2025,18,839,17.0,18,18.0,13.293564355471759,13.478459363167932,14.520505591698205
1162,2025,18,840,15.0,17,13.0,13.136356047575974,13.239418336587534,14.428189841653179
1162,2025,18,842,18.0,19,19.0,15.081339350081771,15.117076448911615,15.564389610732864
1162,2025,18,844,7.0,5,6.0,6.262868228558633,6.342867048423624,6.143645246005425
1162,2025,18,846,5.0,3,3.0,4.905526912252948,4.916377840655702,4.761931457138999
1162,2025,18,847,1.0,4,1.0,3.8427783318483097,3.9905322372238308,5.070359812232825
1162,2025,18,848,19.0,7,14.0,12.654391749233753,12.497719964325032,7.840175775138698
1162,2025,18,852,13.0,14,12.0,11.492867639604222,11.592973168394046,13.084241579444285
1162,2025,18,857,3.0,1,4.0,3.0925465940242223,3.0681035940907586,2.7348699934270417
1162,2025,18,859,12.0,9,15.0,9.896144443636649,10.056010072972732,9.220464076958095
1162,2025,18,860,9.0,16,9.0,10.553485119848332,10.42073189386165,13.6427433605797
1162,2025,18,861,16.0,20,16.0,14.904729041808306,14.81109327531162,16.496172312573023
1162,2025,18,863,4.0,8,5.0,6.477019520823957,6.610802220255586,8.835976094538292
1162,2025,18,866,14.0,15,17.0,11.858201779218675,11.916133592082137,13.024492220086538
1162,2025,18,872,8.0,10,11.0,8.754177524762731,8.722297577007337,9.90990929195003
1163,2025,19,1,5.0,6,4.0,5.963481640783618,6.101482790822895,7.30236809396203
1163,2025,19,4,10.0,10,10.0,10.012157753926441,9.842493399435721,9.922356360421421
1163,2025,19,807,11.0,13,8.0,10.609588451198746,10.567134225972403,11.66417840062103
1163,2025,19,830,1.0,1,1.0,2.9520903012123743,2.8945858360869057,2.4180314639346463
1163,2025,19,839,17.0,17,15.0,13.718586784036086,13.927313293348886,14.337163563260795
1163,2025,19,840,18.0,14,12.0,14.02152286911982,14.115903414342773,12.831472067657828
1163,2025,19,842,14.0,18,19.0,13.602668411869951,13.683776437420246,15.06500692250399
1163,2025,19,844,3.0,5,3.0,4.820462537563354,4.923593814981912,6.235646974664974
1163,2025,19,846,2.0,4,2.0,3.929149444917573,3.8359187318877126,5.215384389505095
1163,2025,19,847,4.0,3,6.0,4.435919660958644,4.46906885608581,4.072969197408436
1163,2025,19,848,19.0,8,14.0,12.599382697807,12.761881786424755,8.520316091705086
1163,2025,19,852,13.0,12,7.0,11.506577653999384,11.63134647398352,12.20595648895558
1163,2025,19,857,6.0,2,5.0,4.242881646343586,4.3350531499576475,3.3932832873348877
1163,2025,19,859,12.0,9,11.0,10.371704878800202,10.135345382653774,9.313777960696045
1163,2025,19,860,8.0,16,9.0,10.17732479151589,10.039390732845902,13.621466756298581
1163,2025,19,861,15.0,19,17.0,14.608380344072689,14.709819810635176,16.1791680349167
1163,2025,19,863,7.0,7,13.0,6.939444260881853,6.956405897554199,7.788039421138621
1163,2025,19,866,16.0,15,18.0,12.849431508534948,12.928425155839454,13.038094009748455
1163,2025,19,872,20.0,11,16.0,13.738252254656121,13.827330602805723,10.899398139875517
1164,2025,20,1,3.0,6,8.0,5.210728843798564,5.401264832181886,7.366240930059139
1164,2025,20,830,5.0,1,3.0,3.653809219292306,3.648030085068539,1.762689063338608
1164,2025,20,832,7.0,10,17.0,9.523611304012533,9.30265341689092,10.714470650827753
1164,2025,20,839,12.0,14,9.0,11.85897107304071,11.956850230343907,12.96308120840271
1164,2025,20,840,19.0,13,14.0,14.490167916880035,14.532904200274256,12.281377769792183
1164,2025,20,842,18.0,16,15.0,15.680006777880427,15.614202577251287,14.477661875511686
1164,2025,20,844,2.0,5,2.0,4.245975049598311,4.428306631543737,6.134062609767583
1164,2025,20,846,1.0,4,1.0,3.6426313873669676,3.5238626311569563,5.281185442925169
1164,2025,20,847,4.0,3,7.0,4.4106266119663795,4.494541362741911,4.030660100211948
1164,2025,20,848,17.0,8,12.0,12.098597184936771,12.327699482578726,8.926042997029711
1164,2025,20,852,11.0,9,11.0,10.340526419000321,10.214288005353216,10.372425733794078
1164,2025,20,857,8.0,2,5.0,5.265335299510209,5.432619134205272,3.6129922059560933
1164,2025,20,860,10.0,12,4.0,10.23365901769132,10.275575258942899,11.328612055213398
1164,2025,20,861,20.0,17,16.0,16.70695527986474,16.709125985799137,15.252648425502088
1164,2025,20,863,6.0,7,6.0,6.886915796543463,6.917560253659289,8.069775885621675
1164,2025,20,866,16.0,15,10.0,13.051061095433987,13.099377112473443,13.134984093649871
1164,2025,20,872,9.0,11,13.0,10.172012900662132,10.078992212779195,11.161747259561956
1165,2025,21,4,11.0,10,14.0,10.760234662364283,10.739116074294396,10.127386592851028
1165,2025,21,807,10.0,13,9.0,10.159389551115996,10.292581509829105,11.629929625641829
1165,2025,21,830,16.0,1,3.0,8.075164526042201,7.962312525367979,1.8410198444471515
1165,2025,21,832,15.0,11,13.0,12.944881492300507,12.908553907542956,11.538693887937786
1165,2025,21,839,17.0,14,12.0,13.507404099088934,13.764834705360327,12.95582430255509
1165,2025,21,840,14.0,15,16.0,12.59370714250899,12.620679069008201,13.196755471718939
1165,2025,21,842,9.0,16,10.0,12.343809901417044,12.272521773339829,14.536937435405946
1165,2025,21,846,1.0,2,1.0,2.9418100042445126,2.9760047733544113,3.8983675858683853
1165,2025,21,847,6.0,4,4.0,4.957648306942281,5.175286539891177,4.578229316570863
1165,2025,21,848,12.0,8,11.0,10.730152123915348,10.602362718941356,8.915579933922858
1165,2025,21,852,19.0,6,17.0,13.950796364315394,13.60968010902739,9.193352473285852
1165,2025,21,857,4.0,3,5.0,3.518163205275946,3.6110960489497295,3.9917399948197847
1165,2025,21,859,7.0,9,7.0,8.480144866211267,8.720469091957158,9.582398156677073
1165,2025,21,860,8.0,7,6.0,9.189829961583994,9.108845438722444,8.486339186686811
1165,2025,21,861,18.0,17,15.0,15.518603112618827,15.819104347904721,15.192903227402086
1165,2025,21,863,2.0,5,2.0,5.695969446496031,5.662427656979735,7.349451222125896
1165,2025,21,872,5.0,12,8.0,8.350677924541753,8.504833901030198,11.591026891769785
1166,2025,22,1,20.0,4,8.0,11.908866023785908,11.889033481327385,6.446177937589923
1166,2025,22,4,7.0,10,11.0,9.214347839096188,9.190037904633368,10.199773825697989
1166,2025,22,807,11.0,12,7.0,10.883672018252106,10.914625487563722,11.328907001503433
1166,2025,22,830,2.0,1,1.0,2.799644673912261,2.481541615074363,1.7789492268203464
1166,2025,22,832,3.0,11,5.0,8.449195043949826,8.221138236428938,11.465064463870677
1166,2025,22,839,13.0,13,9.0,11.871000819703363,11.912263157748885,12.281954350764005
1166,2025,22,842,10.0,14,13.0,12.358870690932124,12.17891912541205,13.259822113363336
1166,2025,22,844,9.0,3,4.0,7.207194508106726,6.788239448007744,4.92053748719659
1166,2025,22,847,4.0,2,2.0,4.3386212841601015,3.9624347891948384,3.344953856039732
1166,2025,22,852,19.0,8,12.0,13.548377702065704,13.528034966766347,10.050589989113435
1166,2025,22,859,6.0,7,14.0,8.277996454891264,8.337657161131167,8.476456690491153
1166,2025,22,860,14.0,6,10.0,10.72995952550962,10.897676521920836,7.731365028097622
1166,2025,22,861,15.0,15,15.0,14.353481384571314,14.65266691212431,14.148488934263451
1166,2025,22,863,17.0,5,3.0,10.975836332310497,10.986290766835952,7.026324838811664
1166,2025,22,872,8.0,9,6.0,9.185467341941832,9.279258673047769,9.899957100199309
1167,2025,23,1,18.0,7,12.0,11.212070734962172,11.232579817776475,7.998827957986418
1167,2025,23,4,8.0,13,7.0,10.010027328784908,9.843351081996238,12.125776596835223
1167,2025,23,830,3.0,1,1.0,3.031481603052491,2.868034284064106,1.7414041451120452
1167,2025,23,832,7.0,12,3.0,9.381516791824241,9.235717745364706,11.610222253398579
1167,2025,23,839,17.0,14,15.0,13.117528067691213,13.142526812069494,12.696127664182088
1167,2025,23,840,19.0,16,17.0,14.302398446837705,14.570581213313952,14.029109954283795
1167,2025,23,842,9.0,17,16.0,12.067048320548928,11.885093848194941,14.860375126419319
1167,2025,23,844,10.0,5,8.0,7.085604105616019,6.804731045142683,5.524982529177519
1167,2025,23,846,2.0,2,4.0,3.3023836130079847,3.44427185409371,3.989363527993543
1167,2025,23,847,4.0,3,6.0,3.523487365564507,3.5932403261496795,3.410241907601959
1167,2025,23,848,15.0,9,11.0,11.42388000669048,11.630027952282894,9.352711477602993
1167,2025,23,852,16.0,11,10.0,12.473126867242968,12.496633981631543,11.631402902537669
1167,2025,23,857,1.0,4,2.0,2.4341185707278736,2.480838964463321,4.775520483863623
1167,2025,23,859,12.0,10,9.0,10.439806562011999,10.62420708801926,9.911906559924287
1167,2025,23,861,20.0,18,14.0,16.042753891452193,16.30873702880362,15.68291521531944
1167,2025,23,863,5.0,6,5.0,6.132533691705162,6.1332898725498595,7.307120046009624
1167,2025,23,866,14.0,15,13.0,11.49042947447059,11.497673068030732,12.633800305772496
1167,2025,23,872,6.0,8,18.0,8.341725015692088,8.326217133861498,9.152600417588305
1168,2025,24,1,16.0,7,8.0,10.923695766466116,11.091199243619403,8.41868900335658
1168,2025,24,4,6.0,13,6.0,8.69430391106229,8.625522872955163,11.598936786943097
1168,2025,24,807,18.0,14,9.0,13.601317080081106,13.939812508385415,12.816208248622196
1168,2025,24,830,1.0,1,1.0,2.008300264885718,2.0488400761036214,1.5734137105173138
1168,2025,24,832,12.0,8,13.0,10.726452379840396,10.576183939155843,9.138016149593904
1168,2025,24,839,8.0,17,7.0,10.238238580850721,10.270341128883032,14.526293502352074
1168,2025,24,840,15.0,18,10.0,13.044597488884456,13.2898639501109,15.027276942045496
1168,2025,24,842,19.0,19,19.0,16.147260721765583,16.07450377409878,16.11641367168
1168,2025,24,844,5.0,5,4.0,5.766017128507071,5.561359235941624,5.929048693957228
1168,2025,24,846,2.0,2,3.0,3.611608519192858,3.678424114676914,4.197498246273595
1168,2025,24,847,4.0,4,5.0,4.050415740226818,3.814778152527488,4.112989045919155
1168,2025,24,848,17.0,10,16.0,12.519385987137449,12.575177965395353,10.146244695700112
1168,2025,24,852,10.0,11,14.0,10.154851036463596,10.158946309419223,11.748091705483992
1168,2025,24,857,3.0,3,2.0,3.233966844003916,3.283380523695911,4.1352583208251215
1168,2025,24,859,13.0,15,18.0,11.110794463050372,11.224554724642495,12.46879578938287
1168,2025,24,860,11.0,9,12.0,9.533899642568867,9.751089451853248,9.21227126255712
1168,2025,24,861,20.0,20,20.0,16.131142486438804,16.056751337919764,16.5065571124579
1168,2025,24,863,14.0,6,15.0,9.249271522856333,9.338326621794089,7.136869990643729
1168,2025,24,866,7.0,16,11.0,9.486657034014936,9.228189985452842,13.63356489401875
1168,2025,24,872,9.0,12,17.0,9.306987625886736,9.257434642569155,10.88468226801194
1169,2026,1,1,7.0,5,4.0,6.665085337652581,6.740602389366157,6.870426573266364
1169,2026,1,815,18.0,7,16.0,12.393894296437622,12.190932540311561,8.457817378488947
1169,2026,1,839,13.0,10,11.0,11.192268917166473,11.14190218189522,10.538102967047587
1169,2026,1,842,14.0,14,10.0,13.565098811806847,13.46771049852414,13.540564708435344
1169,2026,1,844,4.0,3,3.0,5.099958384345209,5.111907156359708,5.454325246326829
1169,2026,1,846,6.0,1,5.0,4.8690397424209815,4.85564221854304,3.7357744455690236
1169,2026,1,847,1.0,2,1.0,3.051683619843364,3.171876201648465,4.184027925932477
1169,2026,1,848,15.0,9,12.0,11.67687978978956,11.622241135523588,9.816363182709793
1169,2026,1,859,8.0,12,13.0,9.133391217735962,9.110994795548383,11.082062980966882
1169,2026,1,860,12.0,6,7.0,9.866200632705239,9.790045435000902,7.874608052827966
1169,2026,1,861,16.0,13,14.0,13.887675952345948,13.860566467397945,12.748529479092735
1169,2026,1,863,2.0,4,2.0,4.1102949658496035,4.252732120785286,5.732064357456281
1169,2026,1,866,10.0,11,9.0,9.699897501834235,9.661686921252022,10.732007420992481
1169,2026,1,876,9.0,8,8.0,9.170057107635666,9.097748029013758,9.021033807876236
1170,2026,2,1,3.0,4,3.0,4.962591876641001,5.046029305848492,6.221380016986535
1170,2026,2,807,11.0,9,11.0,11.079108446169908,11.01664928529829,10.944993378816827
1170,2026,2,815,22.0,12,15.0,17.182471700025875,17.05415938507467,13.229042147624707
1170,2026,2,822,20.0,15,13.0,16.922463064581297,16.745514872859687,14.95786673725692
1170,2026,2,832,17.0,8,9.0,12.952590868361629,12.780062978817824,9.513121831361241
1170,2026,2,839,13.0,10,14.0,11.611490129920593,11.666146298285927,10.845840223447404
1170,2026,2,842,7.0,13,6.0,10.985713810699554,11.013406643661554,13.31393384256613
1170,2026,2,844,4.0,3,4.0,4.831925446624271,4.973218232173913,5.23550084934234
1170,2026,2,847,2.0,1,2.0,3.0396760752104237,3.1673639482786253,3.351611924756636
1170,2026,2,859,14.0,11,7.0,12.054881464321769,11.99697077167185,11.000993670685375
1170,2026,2,860,10.0,5,5.0,9.397386413036745,9.325071885755504,7.671880827670021
1170,2026,2,861,12.0,14,10.0,12.667406253184993,12.891919118928111,13.651377405331662
1170,2026,2,863,1.0,2,1.0,3.2310514334068774,3.316033925943632,4.33267799005174
1170,2026,2,872,9.0,7,8.0,8.908434203195675,8.818041322538075,8.478350515490384
1170,2026,2,876,15.0,6,12.0,11.574740052317955,11.571146785008338,8.291763413559284
1171,2026,3,1,6.0,7,6.0,5.914016610683598,5.980837490808258,7.21009005158576
1171,2026,3,4,21.0,10,18.0,14.98769706794891,14.792160478430569,10.892728825396585
1171,2026,3,807,13.0,15,11.0,12.154990489367696,12.294817251997467,13.764980536633978
1171,2026,3,815,19.0,19,17.0,15.5790908083377,15.443937704419552,15.639632538573483
1171,2026,3,822,20.0,20,19.0,16.429968164987315,16.33630428436085,16.50331049165565
1171,2026,3,830,11.0,2,8.0,7.271266205051035,7.333572164868745,4.188561170527966
1171,2026,3,832,16.0,9,15.0,12.41515592147636,12.336681908986812,9.97004156479018
1171,2026,3,839,12.0,12,10.0,11.611325560866515,11.364389987933524,11.644468458067585
1171,2026,3,842,7.0,17,7.0,10.43453530689993,10.334832587810553,14.439863384477789
1171,2026,3,844,4.0,5,3.0,4.675524646391755,4.697420089147851,5.81310921394137
1171,2026,3,846,5.0,4,5.0,4.723801519489576,4.843631428211256,5.565042347237562
1171,2026,3,847,2.0,1,4.0,2.9722526068364274,3.0817987178572555,3.244586170786179
1171,2026,3,848,17.0,14,20.0,13.302485395327125,13.170507288061334,12.508591586195532
1171,2026,3,857,3.0,6,2.0,4.290248078740878,4.345397991584071,6.49599004027197
1171,2026,3,859,14.0,13,9.0,11.719134024553465,11.800636138969498,11.637635882426705
1171,2026,3,861,15.0,18,16.0,13.510197295839488,13.673929481507532,14.964622653683055
1171,2026,3,863,1.0,3,1.0,2.86429588824947,2.94004459665787,4.374517526126402
1171,2026,3,866,9.0,16,13.0,10.916428674297208,10.845495702316285,14.311928070430994
1171,2026,3,872,8.0,8,12.0,8.379642731283667,8.205538138340021,8.813847929829496
1171,2026,3,876,10.0,11,14.0,10.26868608224759,10.125872023135697,10.78782196252856
1172,2026,4,1,6.0,7,6.0,5.7699549008017,5.869651891207487,7.074828959578931
1172,2026,4,4,17.0,13,15.0,14.067971606403873,13.953070113448614,12.595201072826939
1172,2026,4,815,20.0,17,16.0,15.792691502555922,15.687122264886808,14.433321396640187
1172,2026,4,822,19.0,18,18.0,16.35731383409364,16.227674488467063,15.69624788436765
1172,2026,4,830,2.0,6,5.0,4.582764975319691,4.207195203238982,6.284797449075096
1172,2026,4,832,13.0,10,9.0,11.927737277371605,11.903052234719448,10.881685996139394
1172,2026,4,839,14.0,9,13.0,12.185349183049498,12.141314414006109,10.420299711430333
1172,2026,4,840,18.0,15,17.0,14.863347387130634,14.787339104848325,13.786720216755871
1172,2026,4,844,3.0,5,8.0,3.9720107107706264,3.9934369792054776,5.492757282853413
1172,2026,4,846,4.0,3,2.0,4.0575482079051834,4.02511601176213,4.604859925067991
1172,2026,4,847,5.0,1,4.0,4.150976389452881,4.256671929638106,3.286141228574161
1172,2026,4,848,15.0,14,10.0,13.270065274508939,13.278422871516625,13.01342144492066
1172,2026,4,857,7.0,4,3.0,5.383481452352498,5.457654046885333,5.184720600370716
1172,2026,4,860,12.0,8,11.0,9.696385500268413,9.662345432164786,8.472424517044702
1172,2026,4,861,8.0,16,7.0,10.720916386607252,10.726546684484731,13.942959584628605
1172,2026,4,863,1.0,2,1.0,2.7424155942949078,2.748005970836136,3.6808176560862025
1172,2026,4,866,21.0,12,12.0,15.108444136767348,15.223358660594265,12.206085583134065
1172,2026,4,876,16.0,11,14.0,12.902716607582484,12.950667927398904,11.204717029101829
1173,2026,5,1,5.0,5,2.0,5.384579926694433,5.346868991878548,6.155855282541302
1173,2026,5,807,11.0,8,12.0,10.80822911947839,10.786050988352946,9.902475025707448
1173,2026,5,822,22.0,16,16.0,17.261865145215236,17.23187868745331,14.625930598251072
1173,2026,5,830,6.0,4,3.0,5.758993695103451,5.826803076000298,5.653101736395138
1173,2026,5,832,15.0,12,9.0,12.837481713526916,12.71506421978723,11.77389138612067
1173,2026,5,839,17.0,9,14.0,13.300425523604295,13.223580225599244,10.413657676897104
1173,2026,5,840,21.0,15,15.0,16.58970182191461,16.568492130806312,14.270770842490792
1173,2026,5,842,14.0,10,8.0,12.140894051707097,12.214612115469146,10.818839411899571
1173,2026,5,844,8.0,3,4.0,5.874211979727409,5.937385109508227,4.688580574151526
1173,2026,5,857,4.0,2,11.0,4.025727635542762,4.129404866880625,4.239162902731138
1173,2026,5,859,12.0,11,7.0,10.88047840562782,11.000673908958714,10.791926592299156
1173,2026,5,860,16.0,6,10.0,11.441133350592757,11.332397974379848,7.7594110694597225
1173,2026,5,861,10.0,13,6.0,11.160398338116998,11.031430801252064,12.439041972061851
1173,2026,5,863,2.0,1,1.0,2.6714943246387923,2.782734723001072,2.884505218786625
1173,2026,5,866,13.0,14,13.0,12.270565267849843,12.331176426431664,13.19842740389266
1173,2026,5,872,7.0,7,5.0,8.312499835593579,8.353937758875235,8.85925905182949
1174,2026,6,1,3.0,3,2.0,4.333746061034214,4.4007508186954905,5.133379936461754
1174,2026,6,4,21.0,15,10.0,16.24233620709529,16.15056410098541,13.654919390840512
1174,2026,6,807,13.0,11,13.0,11.725190720957144,11.634419648316113,11.116635803922097
1174,2026,6,815,18.0,16,15.0,15.582625147767981,15.538520400972153,14.529438855161485
1174,2026,6,832,12.0,9,16.0,11.433979032486889,11.468970538222173,10.568121581066535
1174,2026,6,839,17.0,8,9.0,13.346286192481918,13.183201383086464,9.92994451010201
1174,2026,6,842,9.0,6,7.0,9.62452837770593,9.509988277705723,8.742614890860107
1174,2026,6,847,6.0,2,12.0,4.372294269768933,4.4167020544689635,3.738792298363201
1174,2026,6,848,11.0,14,8.0,11.321166325609346,11.316093486811358,12.741016964975952
1174,2026,6,857,7.0,4,4.0,6.033672998396296,6.001949132237383,5.666017493970514
1174,2026,6,859,10.0,7,5.0,10.030554454251552,9.900682839071122,9.016650077339618
1174,2026,6,861,14.0,10,14.0,11.830733100212033,11.876627830168372,10.739621337943287
1174,2026,6,863,1.0,1,1.0,2.147954364158249,2.103317044122452,2.5570845209587816
1174,2026,6,866,16.0,13,11.0,13.086088502325914,13.187827900531172,12.389775264841187
1174,2026,6,872,5.0,5,3.0,7.002730233121717,7.164810316269679,7.822573983774111
1174,2026,6,876,15.0,12,6.0,12.22237834769302,12.259473746350949,11.485879296622796
1175,2026,7,1,2.0,2,1.0,3.834645334800733,3.7561642021264126,4.53339389364844
1175,2026,7,815,19.0,17,14.0,16.036316276764808,15.995809873713343,15.077637292911358
1175,2026,7,830,5.0,7,4.0,5.183862344207633,5.243220576916089,6.946392543119865
1175,2026,7,832,16.0,14,12.0,13.14240488125414,13.007578906574603,12.650107898936577
1175,2026,7,839,17.0,15,13.0,13.472673339550052,13.434290605836964,13.144705903603258
1175,2026,7,842,14.0,9,7.0,11.289715565952672,11.256964565053337,9.775158614222205
1175,2026,7,844,10.0,4,15.0,6.685668435068003,6.7894164278483915,5.354037151121518
1175,2026,7,846,4.0,5,3.0,4.736902678103439,4.747759663456218,6.108555981738297
1175,2026,7,847,1.0,3,2.0,2.968809910452581,2.9243797056323677,4.640089749615852
1175,2026,7,857,7.0,6,5.0,5.806514781914016,5.923981673248493,6.4520857842519685
1175,2026,7,859,8.0,10,8.0,8.924933535474924,8.85399475484526,10.073473376172664
1175,2026,7,860,15.0,11,17.0,11.645738600769068,11.54678620076121,10.348208808825627
1175,2026,7,861,13.0,13,10.0,11.567838481848357,11.449370507868068,11.93853879417111
1175,2026,7,863,3.0,1,16.0,2.5929787455753868,2.7274680273976317,2.348604713819432
1175,2026,7,866,12.0,16,11.0,11.549173191259136,11.664871896744689,13.581028696613986
1175,2026,7,872,6.0,8,6.0,6.914249900776928,7.026906105323999,8.630189283293554
1175,2026,7,876,11.0,12,9.0,9.938864934606963,9.995293691314666,10.875267097042782
1176,2026,8,1,3.0,2,5.0,3.957603155508477,4.115878848131277,4.279651205844325
1176,2026,8,4,21.0,18,18.0,16.040858916528634,15.97988754577434,14.991186689493734
1176,2026,8,807,14.0,14,12.0,12.150403817361674,12.172574322619269,12.464422523892623
1176,2026,8,830,5.0,5,2.0,5.039578456201403,5.0417281271192085,5.896630459373418
1176,2026,8,839,15.0,15,16.0,13.023073046622224,12.977727027703073,13.374049013064592
1176,2026,8,842,11.0,9,13.0,10.221457016264187,10.06013844508073,9.737435035884651
1176,2026,8,844,2.0,7,8.0,4.077319115600168,4.1128199329929735,7.003779531812987
1176,2026,8,846,6.0,3,7.0,5.483895631462509,5.494394968204544,5.141254885205983
1176,2026,8,847,1.0,4,1.0,3.213788833581983,3.1777574466381404,5.157354363300497
1176,2026,8,848,18.0,16,17.0,13.98503404106416,14.03007194706173,13.521865509903055
1176,2026,8,857,7.0,6,4.0,5.7491875184743,5.7882108363903875,6.261194669451578
1176,2026,8,859,9.0,10,9.0,9.079337152192851,9.114725302331513,10.018255359596672
1176,2026,8,860,13.0,12,14.0,11.121559815649183,11.045552033476984,10.993171930523106
1176,2026,8,861,16.0,13,15.0,12.57056332212504,12.545924007396957,11.868996158542597
1176,2026,8,863,4.0,1,3.0,3.7095889980863888,3.8507309667725824,3.0612795444328196
1176,2026,8,866,12.0,17,11.0,11.803088159305375,11.75253953478525,14.174223911768246
1176,2026,8,872,8.0,8,6.0,7.619662860980957,7.715618507521314,8.523537148157024
1176,2026,8,876,10.0,11,10.0,9.506587230714757,9.527466810894051,10.405459258418794
1177,2026,9,1,3.0,1,3.0,3.937936965750197,4.113447740845231,3.834509570080286
1177,2026,9,4,22.0,17,18.0,16.831223101510055,16.673592314335206,14.8892016467246
1177,2026,9,815,20.0,20,14.0,16.847034649803465,16.803505503030596,16.821014696316226
1177,2026,9,822,18.0,19,16.0,15.660366499423029,15.556536241357897,15.921843849022695
1177,2026,9,830,7.0,3,20.0,5.382894162643142,5.466294116174887,4.775937141713608
1177,2026,9,832,15.0,14,17.0,12.960429160832318,12.909673424878692,12.903487116510766
1177,2026,9,839,17.0,15,13.0,14.081595978826464,14.034740022156349,13.522352032834903
1177,2026,9,840,21.0,18,19.0,16.813450620319685,16.65153664229199,15.54272902099908
1177,2026,9,842,12.0,10,10.0,10.590893817210414,10.39870386106545,10.085567204835918
1177,2026,9,844,2.0,7,1.0,4.348400385932606,4.374746900744563,7.21508653515597
1177,2026,9,846,6.0,6,4.0,5.706494672886549,5.6631562010949015,6.514152085502937
1177,2026,9,847,4.0,4,2.0,4.231481346797436,4.297454059780528,5.013959144935788
1177,2026,9,857,8.0,5,11.0,6.018850679875255,6.0490207051960105,5.711057112391341
1177,2026,9,859,10.0,9,6.0,9.252033320970966,9.273438786677296,9.3954106943525
1177,2026,9,860,14.0,13,12.0,11.874139104833686,11.808205951296756,11.67091009830516
1177,2026,9,861,19.0,12,9.0,13.798077865761282,13.750222236928096,11.505316279625859
1177,2026,9,863,1.0,2,15.0,2.658786535716933,2.693864614376565,3.557371168071434
1177,2026,9,866,11.0,16,8.0,11.342096119620471,11.360966742970671,13.767905673114917
1177,2026,9,872,5.0,8,5.0,6.274113942008606,6.271807347890785,8.376469098463033
1177,2026,9,876,9.0,11,7.0,9.17446573201103,9.145750399657956,10.475822313165532
1178,2026,10,1,6.0,1,4.0,4.712819096810198,4.783481046537305,3.3682942961211584
1178,2026,10,4,21.0,18,19.0,17.151326550771216,16.886792583079433,15.805009544535492
1178,2026,10,807,14.0,13,13.0,12.06384030069972,12.250801569839744,12.162773660309142
1178,2026,10,822,19.0,19,18.0,16.394272952999824,16.214295760089893,16.230805956225066
1178,2026,10,830,2.0,6,3.0,4.457357797107818,4.310666822916583,6.6344180211913475
1178,2026,10,832,15.0,16,16.0,13.527340174703719,13.508540667152197,14.175450987854534
1178,2026,10,839,18.0,15,17.0,14.531247697473233,14.343337090085026,13.400917712360606
1178,2026,10,842,12.0,10,11.0,10.378593872280375,10.421030882057956,10.051487787951707
1178,2026,10,844,5.0,2,2.0,4.998844495919736,4.9518623817773015,4.533072487771845
1178,2026,10,846,3.0,3,7.0,4.603884167567311,4.637557337835973,5.344218611847708
1178,2026,10,848,17.0,17,15.0,14.582815952440093,14.44397969836625,14.645492994342643
1178,2026,10,857,7.0,5,5.0,6.141595851773616,6.213011951135172,6.22544269753728
1178,2026,10,859,11.0,8,12.0,8.999022208894727,9.139139662779382,8.581661812081615
1178,2026,10,860,16.0,12,14.0,12.729465047616833,12.681023199329047,11.265715409842196
1178,2026,10,861,13.0,11,10.0,11.561138780478867,11.601430478412727,11.155927288733155
1178,2026,10,863,1.0,4,1.0,3.397236365342291,3.426040658341302,5.063799963755459
1178,2026,10,866,9.0,14,8.0,10.3171158252767,10.268378637992948,12.77249702874025
1178,2026,10,872,10.0,7,6.0,8.070286548701047,8.303512701326701,7.710481995436231
1178,2026,10,876,8.0,9,9.0,8.369583319972367,8.327133591419205,9.395616080352685
1179,2026,11,1,2.0,1,5.0,3.05956601485513,3.1689843256524757,3.351185281055338
1179,2026,11,4,16.0,19,14.0,15.844558908879215,15.736863668225674,16.9305221133001
1179,2026,11,807,10.0,14,9.0,10.809859032247433,10.708549756244507,12.640174180565525
1179,2026,11,830,6.0,6,2.0,5.925895645869687,5.919639358379011,6.654426604824252
1179,2026,11,832,18.0,16,18.0,15.101807518918918,15.008145879586811,14.346833055248815
1179,2026,11,839,15.0,15,16.0,13.716152122280421,13.592655685419846,13.698667204412528
1179,2026,11,840,20.0,18,13.0,16.954441335039537,17.024775551812883,16.08387831249003
1179,2026,11,842,12.0,10,12.0,10.275158834056421,10.250722162218276,9.848830216634353
1179,2026,11,844,3.0,4,4.0,3.979035129284557,4.022802927712443,5.176033019766488
1179,2026,11,846,1.0,5,1.0,3.56868842955127,3.6481780850310273,6.042582665873547
1179,2026,11,847,7.0,2,7.0,5.559483270018973,5.573624144822178,4.176391443267342
1179,2026,11,848,19.0,17,17.0,15.455980722018474,15.428211866071617,14.665503337418345
1179,2026,11,859,11.0,8,8.0,9.02473384823004,9.069127268651421,8.472530365736679
1179,2026,11,860,17.0,13,19.0,13.08230198198221,13.096920887695022,11.65084513451059
1179,2026,11,861,13.0,12,15.0,11.455358128405926,11.429221313243046,11.393556464478772
1179,2026,11,863,4.0,3,3.0,4.083686641489694,4.0308086967696335,4.126314417982137
1179,2026,11,866,14.0,11,11.0,11.847880448379156,11.968127388526105,11.290213328033754
1179,2026,11,872,8.0,7,6.0,6.954705962585345,7.018569632202398,7.3164834074068175
1179,2026,11,876,9.0,9,10.0,8.891786987588182,8.824852692461942,9.421206878153672
1180,2026,12,1,5.0,1,4.0,4.348784511683506,4.352226428995054,3.3075305699235864
1180,2026,12,4,18.0,17,9.0,16.380853799726694,16.384932362724097,15.825459873475692
1180,2026,12,807,13.0,13,8.0,11.506124582998094,11.59458812989617,12.017781136752138
1180,2026,12,815,22.0,16,15.0,17.475434008044722,17.46485791046218,15.079798871083916
1180,2026,12,832,17.0,14,16.0,14.791331011888305,14.850371711382978,13.639138565645492
1180,2026,12,842,11.0,9,10.0,9.995397603093608,9.9341272262261,9.492163971727514
1180,2026,12,844,6.0,4,5.0,5.152115091734893,5.16389859403397,5.0486886727627684
1180,2026,12,846,1.0,2,1.0,3.097895066095357,3.2079470525444354,4.237806659758105
1180,2026,12,847,2.0,3,3.0,3.81199582828115,3.875395233067697,4.888047878118825
1180,2026,12,848,16.0,15,17.0,14.411960874996321,14.373885778598904,13.852245033784197
1180,2026,12,852,12.0,10,11.0,11.030441667367601,10.94200392557087,10.592678023987748
1180,2026,12,857,4.0,6,6.0,4.854215668240595,4.995699846114794,6.729479674009277
1180,2026,12,859,8.0,7,7.0,7.674767700916275,7.627344541552714,8.046381971847387
1180,2026,12,861,14.0,11,14.0,11.788445568315884,11.808599420206516,10.991162404640523
1180,2026,12,863,3.0,5,2.0,3.611177067138427,3.677473482270986,5.022302483156438
1180,2026,12,866,9.0,12,13.0,10.009801809362346,9.974297552258466,11.62731517540077
1180,2026,12,876,10.0,8,12.0,9.460674775988206,9.391332141323437,9.168388792261371
1181,2026,13,1,5.0,3,6.0,4.229273360720049,4.294719630108536,4.2415423633847595
1181,2026,13,807,13.0,11,12.0,11.256894402363958,11.33524543445185,10.94945230878344
1181,2026,13,815,20.0,18,18.0,16.913303256749863,16.90992975428169,16.136352494739743
1181,2026,13,822,19.0,19,19.0,16.88209498313881,16.84582252503013,16.807515407071143
1181,2026,13,830,6.0,5,3.0,5.927769892478294,5.730997800521925,5.887385037991477
1181,2026,13,832,15.0,16,13.0,14.36955647071959,14.297575931640736,14.58620607890429
1181,2026,13,839,16.0,14,16.0,14.300292223793843,14.360393867264804,13.496095217457
1181,2026,13,842,1.0,9,7.0,6.2475982447782,6.366818520555693,9.759997851354672
1181,2026,13,846,9.0,1,4.0,5.881913459953811,6.036767162524589,3.4649327250562907
1181,2026,13,847,2.0,4,2.0,3.776957726305759,3.623504845642449,5.202080042493494
1181,2026,13,848,18.0,17,17.0,15.431300655012027,15.498919201196063,14.910493963509424
1181,2026,13,852,17.0,10,10.0,13.059392347855285,13.054612555084264,10.690706452702972
1181,2026,13,857,3.0,6,5.0,4.642056419242254,4.535487466304284,6.630255655045061
1181,2026,13,859,14.0,7,14.0,10.038507162107855,10.09256470655126,8.12955482631864
1181,2026,13,860,12.0,15,15.0,12.38583524414302,12.358127436357847,13.520436038200865
1181,2026,13,861,8.0,13,9.0,9.47781952954415,9.787237710944764,12.061041379245308
1181,2026,13,863,7.0,2,1.0,4.812981134455117,4.911706606801419,3.5293052554649975
1181,2026,13,866,11.0,12,11.0,10.677834533035321,10.67276510403582,11.608880094346091
1181,2026,13,876,10.0,8,8.0,9.66410358326708,9.509094483072394,9.23809982729579
1182,2026,14,4,18.0,16,17.0,15.399238127236483,15.46908094371387,14.76947732964707
1182,2026,14,807,11.0,11,10.0,10.309454402453376,10.36222237479352,10.80368092697956
1182,2026,14,822,20.0,17,18.0,17.239715746289093,17.147728872575108,15.765546719055868
1182,2026,14,830,3.0,5,2.0,4.417243897424039,4.44121626182541,5.635792384331154
1182,2026,14,839,13.0,14,11.0,13.018762393208307,13.05536513770196,13.338787018189285
1182,2026,14,842,14.0,9,12.0,10.790901012002678,10.941766107520941,9.373532525532655
1182,2026,14,844,5.0,4,4.0,4.98872459210052,5.065885656507952,5.414874006692514
1182,2026,14,846,1.0,2,3.0,2.6265975148085534,2.667894768182946,3.609247961682197
1182,2026,14,847,6.0,3,5.0,4.8339945493260315,4.895540813993728,4.511812261594773
1182,2026,14,848,16.0,15,15.0,14.36132748381095,14.347684659447278,13.757482413479375
1182,2026,14,852,15.0,10,14.0,12.134153896018745,12.133397199726513,10.629735223250002
1182,2026,14,857,7.0,6,8.0,5.950705839509439,6.077552298793664,6.608325561044999
1182,2026,14,859,8.0,7,6.0,7.845256804314486,7.96466923306116,8.3185022134692
1182,2026,14,861,9.0,12,7.0,9.74089422098053,9.630509584015515,11.28965666376059
1182,2026,14,863,2.0,1,1.0,2.8784160044483373,2.861775077041057,2.96970190840446
1182,2026,14,866,12.0,13,13.0,10.916694514828873,10.99039802789369,11.962766288424111
1182,2026,14,876,10.0,8,9.0,9.458274902235479,9.301443570488107,9.03471573595034
1183,2026,15,1,6.0,3,6.0,4.855630889843024,4.926951732069684,4.587784941193995
1183,2026,15,807,18.0,10,11.0,13.693555576564592,13.51553788799592,10.630070860338963
1183,2026,15,815,20.0,15,14.0,17.18678885069827,16.98405258753372,14.76923580875409
1183,2026,15,822,22.0,16,16.0,18.487145919166025,18.321675406790675,15.639892524522082
1183,2026,15,830,8.0,4,2.0,6.069829095299811,6.16141257904433,5.114432842066863
1183,2026,15,832,9.0,14,10.0,11.999932610164814,11.960366730546854,13.789366694595019
1183,2026,15,839,14.0,12,8.0,13.557499214324675,13.685956876165209,12.637265357745488
1183,2026,15,844,2.0,5,4.0,4.072493151789314,4.050210121457122,6.106066995420337
1183,2026,15,847,1.0,2,1.0,3.1547471712401105,2.7711266513695403,4.102374213316204
1183,2026,15,857,3.0,6,13.0,4.7225897121642575,4.683385909374326,6.841202149089599
1183,2026,15,859,12.0,8,12.0,9.709790874305124,9.684589430495178,8.513178223327895
1183,2026,15,860,11.0,13,9.0,12.113464090759868,12.168800007915914,12.792675335763215
1183,2026,15,863,16.0,1,5.0,8.036999317262689,8.11835051887031,2.768315372534439
1183,2026,15,866,17.0,11,15.0,13.314790188380744,13.0831460786412,11.112614995545743
1183,2026,15,872,4.0,7,3.0,5.566513599377142,5.492789325560107,7.4437314776236905
1183,2026,15,876,15.0,9,7.0,11.186795024702882,11.253622682706268,9.3274625662783
1184,2026,16,1,2.0,5,3.0,3.372419275973992,3.4106045200536848,5.458241633312207
1184,2026,16,4,12.0,20,8.0,13.216618541862179,13.259693807322577,16.848200258339087
1184,2026,16,807,17.0,13,11.0,12.942874731532052,13.015330095060733,11.807873006090384
1184,2026,16,815,22.0,21,19.0,17.644539942889608,17.509043037962293,17.10540343339457
1184,2026,16,822,21.0,22,22.0,17.658401192498314,17.495687244968742,17.83700805456202
1184,2026,16,830,1.0,4,1.0,3.0635846359801517,3.1930018446206265,4.866685598502885
1184,2026,16,832,13.0,17,17.0,13.2688696834412,13.18589373384553,14.8623425269123
1184,2026,16,839,19.0,15,15.0,15.045027896119814,14.902880466783918,13.484654952761119
1184,2026,16,840,14.0,18,12.0,13.534500929554337,13.699746108912885,15.52673195632779
1184,2026,16,842,9.0,11,16.0,9.42823410658717,9.21118528970883,10.447153711620535
1184,2026,16,844,5.0,6,4.0,5.031982610482001,5.165706802735784,6.4225398836730445
1184,2026,16,846,6.0,3,9.0,4.9284942344303575,4.989908888163569,4.314380479383537
1184,2026,16,847,8.0,2,20.0,5.349813937348057,5.321940419441079,3.6892338463626375
1184,2026,16,848,20.0,19,21.0,15.866068972552586,15.88871925108307,15.565165897495941
1184,2026,16,857,7.0,8,6.0,6.531640599236548,6.518989358254275,7.8325724935742205
1184,2026,16,859,11.0,9,7.0,9.479436654009554,9.358240494061256,8.965072562462401
1184,2026,16,860,18.0,16,14.0,14.594275726240184,14.433480412717849,13.803207033922764
1184,2026,16,861,15.0,12,13.0,11.968057280367722,12.018350630323166,11.268597081124224
1184,2026,16,863,4.0,1,2.0,3.6717692705975224,3.57203541250259,2.8624103445225533
1184,2026,16,866,10.0,14,18.0,10.560740291587038,10.317415799464886,12.335970316501088
1184,2026,16,872,3.0,7,5.0,4.668798982694782,4.809725298335911,7.165612374806918
1184,2026,16,876,16.0,10,10.0,11.552995529957052,11.527339900978603,9.618630183591746
